waypoint,kind,east_m,north_m,lat,lon,yaw_rad,lookahead_m,speed_mps,local_radius_m
1,headland,0.035,-4.002,40.485591392,-80.332424788,5.037478,2.00,0.50,
2,headland,0.194,-4.476,40.485587110,-80.332422904,5.037478,2.00,0.50,
3,headland,0.354,-4.949,40.485582827,-80.332421019,5.037478,2.00,0.50,
4,headland,0.514,-5.423,40.485578544,-80.332419134,5.037478,2.00,0.50,
5,headland,0.673,-5.896,40.485574261,-80.332417250,5.037478,2.00,0.50,
6,headland,0.833,-6.370,40.485569978,-80.332415365,5.037478,2.00,0.50,
7,headland,0.992,-6.843,40.485565695,-80.332413480,5.037478,2.00,0.50,
8,headland,1.152,-7.316,40.485561413,-80.332411596,5.037478,2.00,0.50,
9,headland,1.311,-7.790,40.485557130,-80.332409711,5.037478,2.00,0.50,
10,headland,1.471,-8.263,40.485552847,-80.332407827,5.037478,2.00,0.50,
11,headland,1.631,-8.737,40.485548564,-80.332405942,5.037478,2.00,0.50,
12,headland,1.790,-9.210,40.485544281,-80.332404057,5.037478,2.00,0.50,
13,headland,1.950,-9.683,40.485539999,-80.332402173,5.037478,2.00,0.50,
14,headland,2.109,-10.157,40.485535716,-80.332400288,5.037478,2.00,0.50,
15,headland,2.269,-10.630,40.485531433,-80.332398403,5.037478,2.00,0.50,
16,headland,2.428,-11.104,40.485527150,-80.332396519,5.037478,2.00,0.50,
17,headland,2.588,-11.577,40.485522867,-80.332394634,5.037478,2.00,0.50,
18,headland,2.747,-12.051,40.485518585,-80.332392750,5.037478,2.00,0.50,
19,headland,2.907,-12.524,40.485514302,-80.332390865,5.037478,2.00,0.50,
20,headland,3.067,-12.997,40.485510019,-80.332388980,5.037478,2.00,0.50,
21,headland,3.226,-13.471,40.485505736,-80.332387096,5.037478,2.00,0.50,
22,headland,3.386,-13.944,40.485501453,-80.332385211,5.037478,2.00,0.50,
23,headland,3.545,-14.418,40.485497171,-80.332383326,5.037478,2.00,0.50,
24,headland,3.705,-14.891,40.485492888,-80.332381442,5.037478,2.00,0.50,
25,headland,3.864,-15.365,40.485488605,-80.332379557,5.037478,2.00,0.50,
26,headland,4.024,-15.838,40.485484322,-80.332377672,5.037478,2.00,0.50,
27,headland,4.184,-16.311,40.485480039,-80.332375788,5.037478,2.00,0.50,
28,headland,4.343,-16.785,40.485475756,-80.332373903,5.037478,2.00,0.50,
29,headland,4.503,-17.258,40.485471474,-80.332372019,5.037478,2.00,0.50,
30,headland,4.662,-17.732,40.485467191,-80.332370134,5.037478,2.00,0.50,
31,headland,4.822,-18.205,40.485462908,-80.332368249,5.037478,2.00,0.50,
32,headland,4.981,-18.678,40.485458625,-80.332366365,5.037478,2.00,0.50,
33,headland,5.141,-19.152,40.485454342,-80.332364480,5.037478,2.00,0.50,
34,headland,5.301,-19.625,40.485450060,-80.332362595,5.037478,2.00,0.50,
35,headland,5.460,-20.099,40.485445777,-80.332360711,5.037478,2.00,0.50,
36,headland,5.620,-20.572,40.485441494,-80.332358826,5.037478,2.00,0.50,
37,headland,5.779,-21.046,40.485437211,-80.332356942,5.037478,2.00,0.50,
38,headland,5.939,-21.519,40.485432928,-80.332355057,5.037478,2.00,0.50,
39,headland,6.098,-21.992,40.485428646,-80.332353172,5.037478,2.00,0.50,
40,headland,6.258,-22.466,40.485424363,-80.332351288,5.037478,2.00,0.50,
41,headland,6.417,-22.939,40.485420080,-80.332349403,5.037478,2.00,0.50,
42,headland,6.577,-23.413,40.485415797,-80.332347518,5.037478,2.00,0.50,
43,headland,6.737,-23.886,40.485411514,-80.332345634,5.037478,2.00,0.50,
44,headland,6.896,-24.360,40.485407231,-80.332343749,5.037478,2.00,0.50,
45,headland,7.056,-24.833,40.485402949,-80.332341865,5.037478,2.00,0.50,
46,headland,7.215,-25.306,40.485398666,-80.332339980,5.037478,2.00,0.50,
47,headland,7.375,-25.780,40.485394383,-80.332338095,5.037478,2.00,0.50,
48,headland,7.534,-26.253,40.485390100,-80.332336211,5.037478,2.00,0.50,
49,headland,7.694,-26.727,40.485385817,-80.332334326,4.988330,2.00,0.50,6.983
50,headland,7.745,-26.906,40.485384192,-80.332333725,4.890035,2.00,0.50,1.900
51,headland,7.778,-27.090,40.485382530,-80.332333336,4.791740,2.00,0.50,1.900
52,headland,7.793,-27.276,40.485380847,-80.332333161,4.693444,2.00,0.50,1.900
53,headland,7.789,-27.463,40.485379158,-80.332333203,4.595149,2.00,0.50,1.900
54,headland,7.767,-27.648,40.485377481,-80.332333461,4.496854,2.00,0.50,1.900
55,headland,7.727,-27.831,40.485375831,-80.332333932,4.398559,2.00,0.50,1.900
56,headland,7.670,-28.008,40.485374225,-80.332334613,4.300264,2.00,0.50,1.900
57,headland,7.595,-28.179,40.485372677,-80.332335496,4.201969,2.00,0.50,1.900
58,headland,7.504,-28.342,40.485371204,-80.332336573,4.103674,2.00,0.50,1.900
59,headland,7.397,-28.495,40.485369818,-80.332337834,4.005378,2.00,0.50,1.900
60,headland,7.276,-28.637,40.485368534,-80.332339266,3.907083,2.00,0.50,1.900
61,headland,7.141,-28.766,40.485367364,-80.332340856,3.808788,2.00,0.50,1.900
62,headland,6.994,-28.882,40.485366319,-80.332342588,3.710493,2.00,0.50,1.900
63,headland,6.837,-28.983,40.485365409,-80.332344446,3.612198,2.00,0.50,1.900
64,headland,6.671,-29.067,40.485364643,-80.332346411,3.513903,2.00,0.50,1.900
65,headland,6.497,-29.135,40.485364029,-80.332348465,3.464755,2.00,0.50,6.815
66,headland,6.039,-29.289,40.485362641,-80.332353876,3.464755,2.00,0.50,
67,headland,5.581,-29.442,40.485361253,-80.332359286,3.464755,2.00,0.50,
68,headland,5.123,-29.595,40.485359865,-80.332364697,3.464755,2.00,0.50,
69,headland,4.665,-29.749,40.485358477,-80.332370107,3.464755,2.00,0.50,
70,headland,4.206,-29.902,40.485357090,-80.332375518,3.464755,2.00,0.50,
71,headland,3.748,-30.056,40.485355702,-80.332380928,3.464755,2.00,0.50,
72,headland,3.290,-30.209,40.485354314,-80.332386339,3.464755,2.00,0.50,
73,headland,2.832,-30.362,40.485352926,-80.332391750,3.464755,2.00,0.50,
74,headland,2.374,-30.516,40.485351538,-80.332397160,3.464755,2.00,0.50,
75,headland,1.916,-30.669,40.485350150,-80.332402571,3.464755,2.00,0.50,
76,headland,1.458,-30.823,40.485348762,-80.332407981,3.464755,2.00,0.50,
77,headland,1.000,-30.976,40.485347374,-80.332413392,3.464755,2.00,0.50,
78,headland,0.542,-31.130,40.485345986,-80.332418802,3.464755,2.00,0.50,
79,headland,0.084,-31.283,40.485344599,-80.332424213,3.464755,2.00,0.50,
80,headland,-0.375,-31.436,40.485343211,-80.332429624,3.464755,2.00,0.50,
81,headland,-0.833,-31.590,40.485341823,-80.332435034,3.464755,2.00,0.50,
82,headland,-1.291,-31.743,40.485340435,-80.332440445,3.464755,2.00,0.50,
83,headland,-1.749,-31.897,40.485339047,-80.332445855,3.464755,2.00,0.50,
84,headland,-2.207,-32.050,40.485337659,-80.332451266,3.464755,2.00,0.50,
85,headland,-2.665,-32.203,40.485336271,-80.332456676,3.464755,2.00,0.50,
86,headland,-3.123,-32.357,40.485334883,-80.332462087,3.464755,2.00,0.50,
87,headland,-3.581,-32.510,40.485333496,-80.332467498,3.464755,2.00,0.50,
88,headland,-4.039,-32.664,40.485332108,-80.332472908,3.464755,2.00,0.50,
89,headland,-4.497,-32.817,40.485330720,-80.332478319,3.464755,2.00,0.50,
90,headland,-4.955,-32.971,40.485329332,-80.332483729,3.464755,2.00,0.50,
91,headland,-5.414,-33.124,40.485327944,-80.332489140,3.464755,2.00,0.50,
92,headland,-5.872,-33.277,40.485326556,-80.332494550,3.464755,2.00,0.50,
93,headland,-6.330,-33.431,40.485325168,-80.332499961,3.415154,2.00,0.50,6.770
94,headland,-6.511,-33.482,40.485324708,-80.332502103,3.315952,2.00,0.50,1.900
95,headland,-6.697,-33.514,40.485324412,-80.332504295,3.216751,2.00,0.50,1.900
96,headland,-6.885,-33.529,40.485324284,-80.332506514,3.117549,2.00,0.50,1.900
97,headland,-7.073,-33.524,40.485324325,-80.332508739,3.018347,2.00,0.50,1.900
98,headland,-7.260,-33.501,40.485324535,-80.332510947,2.919145,2.00,0.50,1.900
99,headland,-7.444,-33.459,40.485324911,-80.332513117,2.819944,2.00,0.50,1.900
100,headland,-7.622,-33.400,40.485325449,-80.332515229,2.720742,2.00,0.50,1.900
101,headland,-7.794,-33.323,40.485326146,-80.332517260,2.621540,2.00,0.50,1.900
102,headland,-7.958,-33.229,40.485326993,-80.332519191,2.522338,2.00,0.50,1.900
103,headland,-8.111,-33.120,40.485327982,-80.332521003,2.423136,2.00,0.50,1.900
104,headland,-8.253,-32.996,40.485329104,-80.332522678,2.323935,2.00,0.50,1.900
105,headland,-8.382,-32.858,40.485330347,-80.332524200,2.224733,2.00,0.50,1.900
106,headland,-8.497,-32.709,40.485331700,-80.332525554,2.125531,2.00,0.50,1.900
107,headland,-8.596,-32.549,40.485333149,-80.332526726,2.026329,2.00,0.50,1.900
108,headland,-8.679,-32.379,40.485334680,-80.332527705,1.927128,2.00,0.50,1.900
109,headland,-8.744,-32.203,40.485336277,-80.332528481,1.877527,2.00,0.50,6.839
110,headland,-8.892,-31.736,40.485340502,-80.332530228,1.877527,2.00,0.50,
111,headland,-9.040,-31.269,40.485344727,-80.332531975,1.877527,2.00,0.50,
112,headland,-9.188,-30.802,40.485348953,-80.332533723,1.877527,2.00,0.50,
113,headland,-9.336,-30.335,40.485353178,-80.332535470,1.877527,2.00,0.50,
114,headland,-9.484,-29.868,40.485357403,-80.332537217,1.877527,2.00,0.50,
115,headland,-9.632,-29.401,40.485361628,-80.332538964,1.877527,2.00,0.50,
116,headland,-9.780,-28.933,40.485365853,-80.332540711,1.877527,2.00,0.50,
117,headland,-9.928,-28.466,40.485370079,-80.332542459,1.877527,2.00,0.50,
118,headland,-10.076,-27.999,40.485374304,-80.332544206,1.877527,2.00,0.50,
119,headland,-10.224,-27.532,40.485378529,-80.332545953,1.877527,2.00,0.50,
120,headland,-10.372,-27.065,40.485382754,-80.332547700,1.877527,2.00,0.50,
121,headland,-10.520,-26.598,40.485386979,-80.332549447,1.877527,2.00,0.50,
122,headland,-10.668,-26.131,40.485391205,-80.332551194,1.877527,2.00,0.50,
123,headland,-10.815,-25.664,40.485395430,-80.332552942,1.877527,2.00,0.50,
124,headland,-10.963,-25.197,40.485399655,-80.332554689,1.877527,2.00,0.50,
125,headland,-11.111,-24.730,40.485403880,-80.332556436,1.877527,2.00,0.50,
126,headland,-11.259,-24.263,40.485408105,-80.332558183,1.877527,2.00,0.50,
127,headland,-11.407,-23.796,40.485412331,-80.332559930,1.877527,2.00,0.50,
128,headland,-11.555,-23.329,40.485416556,-80.332561678,1.877527,2.00,0.50,
129,headland,-11.703,-22.862,40.485420781,-80.332563425,1.877527,2.00,0.50,
130,headland,-11.851,-22.395,40.485425006,-80.332565172,1.877527,2.00,0.50,
131,headland,-11.999,-21.928,40.485429231,-80.332566919,1.877527,2.00,0.50,
132,headland,-12.147,-21.461,40.485433457,-80.332568666,1.877527,2.00,0.50,
133,headland,-12.295,-20.994,40.485437682,-80.332570414,1.877527,2.00,0.50,
134,headland,-12.443,-20.526,40.485441907,-80.332572161,1.877527,2.00,0.50,
135,headland,-12.591,-20.059,40.485446132,-80.332573908,1.877527,2.00,0.50,
136,headland,-12.739,-19.592,40.485450358,-80.332575655,1.877527,2.00,0.50,
137,headland,-12.886,-19.125,40.485454583,-80.332577402,1.877527,2.00,0.50,
138,headland,-13.034,-18.658,40.485458808,-80.332579149,1.877527,2.00,0.50,
139,headland,-13.182,-18.191,40.485463033,-80.332580897,1.877527,2.00,0.50,
140,headland,-13.330,-17.724,40.485467258,-80.332582644,1.877527,2.00,0.50,
141,headland,-13.478,-17.257,40.485471484,-80.332584391,1.877527,2.00,0.50,
142,headland,-13.626,-16.790,40.485475709,-80.332586138,1.877527,2.00,0.50,
143,headland,-13.774,-16.323,40.485479934,-80.332587885,1.877527,2.00,0.50,
144,headland,-13.922,-15.856,40.485484159,-80.332589633,1.877527,2.00,0.50,
145,headland,-14.070,-15.389,40.485488384,-80.332591380,1.877527,2.00,0.50,
146,headland,-14.218,-14.922,40.485492610,-80.332593127,1.877527,2.00,0.50,
147,headland,-14.366,-14.455,40.485496835,-80.332594874,1.877527,2.00,0.50,
148,headland,-14.514,-13.988,40.485501060,-80.332596621,1.877527,2.00,0.50,
149,headland,-14.662,-13.521,40.485505285,-80.332598369,1.877527,2.00,0.50,
150,headland,-14.810,-13.054,40.485509510,-80.332600116,1.877527,2.00,0.50,
151,headland,-14.957,-12.587,40.485513736,-80.332601863,1.877527,2.00,0.50,
152,headland,-15.105,-12.120,40.485517961,-80.332603610,1.877527,2.00,0.50,
153,headland,-15.253,-11.652,40.485522186,-80.332605357,1.877527,2.00,0.50,
154,headland,-15.401,-11.185,40.485526411,-80.332607105,1.877527,2.00,0.50,
155,headland,-15.549,-10.718,40.485530636,-80.332608852,1.877527,2.00,0.50,
156,headland,-15.697,-10.251,40.485534862,-80.332610599,1.877527,2.00,0.50,
157,headland,-15.845,-9.784,40.485539087,-80.332612346,1.877527,2.00,0.50,
158,headland,-15.993,-9.317,40.485543312,-80.332614093,1.877527,2.00,0.50,
159,headland,-16.141,-8.850,40.485547537,-80.332615840,1.877527,2.00,0.50,
160,headland,-16.289,-8.383,40.485551763,-80.332617588,1.877527,2.00,0.50,
161,headland,-16.437,-7.916,40.485555988,-80.332619335,1.877527,2.00,0.50,
162,headland,-16.585,-7.449,40.485560213,-80.332621082,1.877527,2.00,0.50,
163,headland,-16.733,-6.982,40.485564438,-80.332622829,1.828503,2.00,0.50,6.897
164,headland,-16.780,-6.802,40.485566067,-80.332623390,1.730457,2.00,0.50,1.900
165,headland,-16.810,-6.618,40.485567730,-80.332623739,1.632410,2.00,0.50,1.900
166,headland,-16.821,-6.432,40.485569412,-80.332623875,1.534363,2.00,0.50,1.900
167,headland,-16.814,-6.246,40.485571095,-80.332623795,1.436316,2.00,0.50,1.900
168,headland,-16.789,-6.062,40.485572764,-80.332623500,1.338269,2.00,0.50,1.900
169,headland,-16.746,-5.880,40.485574404,-80.332622993,1.240223,2.00,0.50,1.900
170,headland,-16.686,-5.704,40.485575997,-80.332622279,1.142176,2.00,0.50,1.900
171,headland,-16.609,-5.535,40.485577529,-80.332621365,1.044129,2.00,0.50,1.900
172,headland,-16.515,-5.374,40.485578986,-80.332620260,0.946082,2.00,0.50,1.900
173,headland,-16.406,-5.223,40.485580352,-80.332618973,0.848036,2.00,0.50,1.900
174,headland,-16.283,-5.083,40.485581615,-80.332617518,0.749989,2.00,0.50,1.900
175,headland,-16.147,-4.956,40.485582764,-80.332615909,0.651942,2.00,0.50,1.900
176,headland,-15.999,-4.843,40.485583786,-80.332614161,0.553895,2.00,0.50,1.900
177,headland,-15.840,-4.745,40.485584672,-80.332612290,0.455849,2.00,0.50,1.900
178,headland,-15.673,-4.663,40.485585413,-80.332610315,0.357802,2.00,0.50,1.900
179,headland,-15.499,-4.598,40.485586003,-80.332608255,0.259755,2.00,0.50,1.900
180,headland,-15.319,-4.550,40.485586436,-80.332606130,0.210732,2.00,0.50,6.682
181,headland,-14.860,-4.452,40.485587323,-80.332600715,0.210732,2.00,0.50,
182,headland,-14.402,-4.354,40.485588210,-80.332595300,0.210732,2.00,0.50,
183,headland,-13.943,-4.256,40.485589098,-80.332589886,0.210732,2.00,0.50,
184,headland,-13.485,-4.158,40.485589985,-80.332584471,0.210732,2.00,0.50,
185,headland,-13.026,-4.060,40.485590872,-80.332579056,0.210732,2.00,0.50,
186,headland,-12.568,-3.962,40.485591759,-80.332573641,0.210732,2.00,0.50,
187,headland,-12.110,-3.864,40.485592646,-80.332568227,0.210732,2.00,0.50,
188,headland,-11.651,-3.766,40.485593533,-80.332562812,0.210732,2.00,0.50,
189,headland,-11.193,-3.668,40.485594420,-80.332557397,0.210732,2.00,0.50,
190,headland,-10.734,-3.570,40.485595308,-80.332551982,0.210732,2.00,0.50,
191,headland,-10.276,-3.472,40.485596195,-80.332546568,0.210732,2.00,0.50,
192,headland,-9.817,-3.373,40.485597082,-80.332541153,0.210732,2.00,0.50,
193,headland,-9.359,-3.275,40.485597969,-80.332535738,0.210732,2.00,0.50,
194,headland,-8.900,-3.177,40.485598856,-80.332530323,0.210732,2.00,0.50,
195,headland,-8.442,-3.079,40.485599743,-80.332524909,0.210732,2.00,0.50,
196,headland,-7.984,-2.981,40.485600630,-80.332519494,0.210732,2.00,0.50,
197,headland,-7.525,-2.883,40.485601518,-80.332514079,0.210732,2.00,0.50,
198,headland,-7.067,-2.785,40.485602405,-80.332508665,0.210732,2.00,0.50,
199,headland,-6.608,-2.687,40.485603292,-80.332503250,0.210732,2.00,0.50,
200,headland,-6.150,-2.589,40.485604179,-80.332497835,0.210732,2.00,0.50,
201,headland,-5.691,-2.491,40.485605066,-80.332492420,0.210732,2.00,0.50,
202,headland,-5.233,-2.393,40.485605953,-80.332487006,0.210732,2.00,0.50,
203,headland,-4.774,-2.295,40.485606841,-80.332481591,0.210732,2.00,0.50,
204,headland,-4.316,-2.197,40.485607728,-80.332476176,0.210732,2.00,0.50,
205,headland,-3.858,-2.099,40.485608615,-80.332470761,0.210732,2.00,0.50,
206,headland,-3.399,-2.001,40.485609502,-80.332465347,0.210732,2.00,0.50,
207,headland,-2.941,-1.902,40.485610389,-80.332459932,0.210732,2.00,0.50,
208,headland,-2.482,-1.804,40.485611276,-80.332454517,0.162184,2.00,0.50,6.729
209,headland,-2.300,-1.775,40.485611546,-80.332452368,0.065088,2.00,0.50,1.900
210,headland,-2.116,-1.763,40.485611654,-80.332450194,6.251177,2.00,0.50,1.900
211,headland,-1.932,-1.769,40.485611601,-80.332448017,6.154081,2.00,0.50,1.900
212,headland,-1.749,-1.792,40.485611386,-80.332445857,6.056985,2.00,0.50,1.900
213,headland,-1.569,-1.834,40.485611012,-80.332443735,5.959889,2.00,0.50,1.900
214,headland,-1.394,-1.892,40.485610482,-80.332441670,5.862793,2.00,0.50,1.900
215,headland,-1.226,-1.968,40.485609801,-80.332439681,5.765697,2.00,0.50,1.900
216,headland,-1.066,-2.059,40.485608976,-80.332437788,5.668601,2.00,0.50,1.900
217,headland,-0.915,-2.165,40.485608014,-80.332436009,5.571505,2.00,0.50,1.900
218,headland,-0.775,-2.286,40.485606924,-80.332434359,5.474409,2.00,0.50,1.900
219,headland,-0.648,-2.419,40.485605717,-80.332432856,5.377313,2.00,0.50,1.900
220,headland,-0.534,-2.564,40.485604404,-80.332431512,5.280217,2.00,0.50,1.900
221,headland,-0.435,-2.720,40.485602998,-80.332430340,5.183121,2.00,0.50,1.900
222,headland,-0.352,-2.884,40.485601511,-80.332429353,5.086025,2.00,0.50,1.900
223,headland,-0.284,-3.056,40.485599958,-80.332428558,5.037478,2.00,0.50,7.046
224,headland,-0.125,-3.529,40.485595675,-80.332426673,5.037478,2.00,0.50,
225,headland,0.035,-4.002,40.485591392,-80.332424788,4.923281,2.00,0.50,4.086
226,connector,0.126,-4.426,40.485587562,-80.332423718,4.809084,1.50,0.50,4.087
227,connector,0.174,-4.923,40.485583060,-80.332423148,4.809084,1.50,0.50,
228,connector,0.222,-5.421,40.485578558,-80.332422577,4.809084,1.50,0.50,
229,connector,0.270,-5.919,40.485574056,-80.332422007,4.809084,1.50,0.50,
230,connector,0.319,-6.416,40.485569553,-80.332421437,4.809084,1.50,0.50,
231,connector,0.367,-6.914,40.485565051,-80.332420867,4.809084,1.50,0.50,
232,connector,0.415,-7.412,40.485560549,-80.332420297,4.809084,1.50,0.50,
233,connector,0.463,-7.909,40.485556047,-80.332419727,4.809084,1.50,0.50,
234,connector,0.506,-8.347,40.485552091,-80.332419226,4.923281,1.50,0.50,3.822
235,connector,0.596,-8.770,40.485548261,-80.332418155,5.037478,1.50,0.50,4.006
236,headland,0.750,-9.226,40.485544135,-80.332416339,5.037478,2.00,0.50,
237,headland,0.904,-9.682,40.485540008,-80.332414524,5.037478,2.00,0.50,
238,headland,1.058,-10.138,40.485535882,-80.332412708,5.037478,2.00,0.50,
239,headland,1.211,-10.595,40.485531756,-80.332410892,5.037478,2.00,0.50,
240,headland,1.365,-11.051,40.485527630,-80.332409076,5.037478,2.00,0.50,
241,headland,1.519,-11.507,40.485523503,-80.332407261,5.037478,2.00,0.50,
242,headland,1.673,-11.963,40.485519377,-80.332405445,5.037478,2.00,0.50,
243,headland,1.826,-12.419,40.485515251,-80.332403629,5.037478,2.00,0.50,
244,headland,1.980,-12.875,40.485511125,-80.332401814,5.037478,2.00,0.50,
245,headland,2.134,-13.331,40.485506998,-80.332399998,5.037478,2.00,0.50,
246,headland,2.288,-13.787,40.485502872,-80.332398182,5.037478,2.00,0.50,
247,headland,2.441,-14.244,40.485498746,-80.332396366,5.037478,2.00,0.50,
248,headland,2.595,-14.700,40.485494620,-80.332394551,5.037478,2.00,0.50,
249,headland,2.749,-15.156,40.485490493,-80.332392735,5.037478,2.00,0.50,
250,headland,2.902,-15.612,40.485486367,-80.332390919,5.037478,2.00,0.50,
251,headland,3.056,-16.068,40.485482241,-80.332389103,5.037478,2.00,0.50,
252,headland,3.210,-16.524,40.485478115,-80.332387288,5.037478,2.00,0.50,
253,headland,3.364,-16.980,40.485473988,-80.332385472,5.037478,2.00,0.50,
254,headland,3.517,-17.436,40.485469862,-80.332383656,5.037478,2.00,0.50,
255,headland,3.671,-17.892,40.485465736,-80.332381840,5.037478,2.00,0.50,
256,headland,3.825,-18.349,40.485461610,-80.332380025,5.037478,2.00,0.50,
257,headland,3.979,-18.805,40.485457484,-80.332378209,5.037478,2.00,0.50,
258,headland,4.132,-19.261,40.485453357,-80.332376393,5.037478,2.00,0.50,
259,headland,4.286,-19.717,40.485449231,-80.332374578,5.037478,2.00,0.50,
260,headland,4.440,-20.173,40.485445105,-80.332372762,5.037478,2.00,0.50,
261,headland,4.593,-20.629,40.485440979,-80.332370946,5.037478,2.00,0.50,
262,headland,4.747,-21.085,40.485436852,-80.332369130,5.037478,2.00,0.50,
263,headland,4.901,-21.541,40.485432726,-80.332367315,5.037478,2.00,0.50,
264,headland,5.055,-21.997,40.485428600,-80.332365499,5.037478,2.00,0.50,
265,headland,5.208,-22.454,40.485424474,-80.332363683,5.037478,2.00,0.50,
266,headland,5.362,-22.910,40.485420347,-80.332361867,5.037478,2.00,0.50,
267,headland,5.516,-23.366,40.485416221,-80.332360052,5.037478,2.00,0.50,
268,headland,5.670,-23.822,40.485412095,-80.332358236,5.037478,2.00,0.50,
269,headland,5.823,-24.278,40.485407969,-80.332356420,5.037478,2.00,0.50,
270,headland,5.977,-24.734,40.485403842,-80.332354604,5.037478,2.00,0.50,
271,headland,6.131,-25.190,40.485399716,-80.332352789,5.037478,2.00,0.50,
272,headland,6.285,-25.646,40.485395590,-80.332350973,5.037478,2.00,0.50,
273,headland,6.438,-26.103,40.485391464,-80.332349157,4.988330,2.00,0.50,6.797
274,headland,6.489,-26.282,40.485389839,-80.332348557,4.890035,2.00,0.50,1.900
275,headland,6.522,-26.466,40.485388176,-80.332348167,4.791740,2.00,0.50,1.900
276,headland,6.537,-26.652,40.485386493,-80.332347992,4.693444,2.00,0.50,1.900
277,headland,6.533,-26.839,40.485384804,-80.332348034,4.595149,2.00,0.50,1.900
278,headland,6.512,-27.024,40.485383127,-80.332348292,4.496854,2.00,0.50,1.900
279,headland,6.472,-27.206,40.485381477,-80.332348763,4.398559,2.00,0.50,1.900
280,headland,6.414,-27.384,40.485379871,-80.332349444,4.300264,2.00,0.50,1.900
281,headland,6.339,-27.555,40.485378324,-80.332350327,4.201969,2.00,0.50,1.900
282,headland,6.248,-27.718,40.485376850,-80.332351404,4.103674,2.00,0.50,1.900
283,headland,6.141,-27.871,40.485375464,-80.332352665,4.005378,2.00,0.50,1.900
284,headland,6.020,-28.013,40.485374180,-80.332354098,3.907083,2.00,0.50,1.900
285,headland,5.885,-28.142,40.485373010,-80.332355687,3.808788,2.00,0.50,1.900
286,headland,5.739,-28.258,40.485371965,-80.332357420,3.710493,2.00,0.50,1.900
287,headland,5.581,-28.358,40.485371055,-80.332359277,3.612198,2.00,0.50,1.900
288,headland,5.415,-28.443,40.485370290,-80.332361242,3.513903,2.00,0.50,1.900
289,headland,5.241,-28.511,40.485369675,-80.332363296,3.464755,2.00,0.50,6.787
290,headland,4.786,-28.664,40.485368295,-80.332368676,3.464755,2.00,0.50,
291,headland,4.330,-28.816,40.485366916,-80.332374055,3.464755,2.00,0.50,
292,headland,3.875,-28.969,40.485365536,-80.332379434,3.464755,2.00,0.50,
293,headland,3.419,-29.121,40.485364156,-80.332384813,3.464755,2.00,0.50,
294,headland,2.964,-29.274,40.485362776,-80.332390193,3.464755,2.00,0.50,
295,headland,2.509,-29.426,40.485361396,-80.332395572,3.464755,2.00,0.50,
296,headland,2.053,-29.579,40.485360016,-80.332400951,3.464755,2.00,0.50,
297,headland,1.598,-29.731,40.485358636,-80.332406330,3.464755,2.00,0.50,
298,headland,1.142,-29.884,40.485357257,-80.332411710,3.464755,2.00,0.50,
299,headland,0.687,-30.036,40.485355877,-80.332417089,3.464755,2.00,0.50,
300,headland,0.231,-30.189,40.485354497,-80.332422468,3.464755,2.00,0.50,
301,headland,-0.224,-30.341,40.485353117,-80.332427847,3.464755,2.00,0.50,
302,headland,-0.680,-30.494,40.485351737,-80.332433227,3.464755,2.00,0.50,
303,headland,-1.135,-30.646,40.485350357,-80.332438606,3.464755,2.00,0.50,
304,headland,-1.590,-30.799,40.485348977,-80.332443985,3.464755,2.00,0.50,
305,headland,-2.046,-30.951,40.485347598,-80.332449364,3.464755,2.00,0.50,
306,headland,-2.501,-31.104,40.485346218,-80.332454744,3.464755,2.00,0.50,
307,headland,-2.957,-31.257,40.485344838,-80.332460123,3.464755,2.00,0.50,
308,headland,-3.412,-31.409,40.485343458,-80.332465502,3.464755,2.00,0.50,
309,headland,-3.868,-31.562,40.485342078,-80.332470881,3.464755,2.00,0.50,
310,headland,-4.323,-31.714,40.485340698,-80.332476261,3.464755,2.00,0.50,
311,headland,-4.779,-31.867,40.485339318,-80.332481640,3.464755,2.00,0.50,
312,headland,-5.234,-32.019,40.485337939,-80.332487019,3.464755,2.00,0.50,
313,headland,-5.689,-32.172,40.485336559,-80.332492398,3.415154,2.00,0.50,6.742
314,headland,-5.871,-32.223,40.485336098,-80.332494541,3.315952,2.00,0.50,1.900
315,headland,-6.056,-32.255,40.485335803,-80.332496732,3.216751,2.00,0.50,1.900
316,headland,-6.244,-32.269,40.485335675,-80.332498951,3.117549,2.00,0.50,1.900
317,headland,-6.433,-32.265,40.485335716,-80.332501176,3.018347,2.00,0.50,1.900
318,headland,-6.620,-32.242,40.485335925,-80.332503384,2.919145,2.00,0.50,1.900
319,headland,-6.803,-32.200,40.485336301,-80.332505555,2.819944,2.00,0.50,1.900
320,headland,-6.982,-32.141,40.485336840,-80.332507666,2.720742,2.00,0.50,1.900
321,headland,-7.154,-32.064,40.485337536,-80.332509697,2.621540,2.00,0.50,1.900
322,headland,-7.318,-31.970,40.485338383,-80.332511628,2.522338,2.00,0.50,1.900
323,headland,-7.471,-31.861,40.485339373,-80.332513440,2.423136,2.00,0.50,1.900
324,headland,-7.613,-31.737,40.485340494,-80.332515115,2.323935,2.00,0.50,1.900
325,headland,-7.742,-31.599,40.485341738,-80.332516637,2.224733,2.00,0.50,1.900
326,headland,-7.856,-31.450,40.485343091,-80.332517991,2.125531,2.00,0.50,1.900
327,headland,-7.956,-31.290,40.485344540,-80.332519163,2.026329,2.00,0.50,1.900
328,headland,-8.038,-31.120,40.485346070,-80.332520142,1.927128,2.00,0.50,1.900
329,headland,-8.104,-30.944,40.485347667,-80.332520918,1.877527,2.00,0.50,6.811
330,headland,-8.251,-30.479,40.485351869,-80.332522656,1.877527,2.00,0.50,
331,headland,-8.398,-30.015,40.485356070,-80.332524393,1.877527,2.00,0.50,
332,headland,-8.545,-29.550,40.485360272,-80.332526130,1.877527,2.00,0.50,
333,headland,-8.693,-29.086,40.485364473,-80.332527868,1.877527,2.00,0.50,
334,headland,-8.840,-28.622,40.485368675,-80.332529605,1.877527,2.00,0.50,
335,headland,-8.987,-28.157,40.485372876,-80.332531342,1.877527,2.00,0.50,
336,headland,-9.134,-27.693,40.485377077,-80.332533080,1.877527,2.00,0.50,
337,headland,-9.281,-27.228,40.485381279,-80.332534817,1.877527,2.00,0.50,
338,headland,-9.428,-26.764,40.485385480,-80.332536555,1.877527,2.00,0.50,
339,headland,-9.575,-26.299,40.485389682,-80.332538292,1.877527,2.00,0.50,
340,headland,-9.722,-25.835,40.485393883,-80.332540029,1.877527,2.00,0.50,
341,headland,-9.869,-25.371,40.485398085,-80.332541767,1.877527,2.00,0.50,
342,headland,-10.016,-24.906,40.485402286,-80.332543504,1.877527,2.00,0.50,
343,headland,-10.163,-24.442,40.485406487,-80.332545241,1.877527,2.00,0.50,
344,headland,-10.311,-23.977,40.485410689,-80.332546979,1.877527,2.00,0.50,
345,headland,-10.458,-23.513,40.485414890,-80.332548716,1.877527,2.00,0.50,
346,headland,-10.605,-23.049,40.485419092,-80.332550453,1.877527,2.00,0.50,
347,headland,-10.752,-22.584,40.485423293,-80.332552191,1.877527,2.00,0.50,
348,headland,-10.899,-22.120,40.485427495,-80.332553928,1.877527,2.00,0.50,
349,headland,-11.046,-21.655,40.485431696,-80.332555665,1.877527,2.00,0.50,
350,headland,-11.193,-21.191,40.485435897,-80.332557403,1.877527,2.00,0.50,
351,headland,-11.340,-20.726,40.485440099,-80.332559140,1.877527,2.00,0.50,
352,headland,-11.487,-20.262,40.485444300,-80.332560877,1.877527,2.00,0.50,
353,headland,-11.634,-19.798,40.485448502,-80.332562615,1.877527,2.00,0.50,
354,headland,-11.782,-19.333,40.485452703,-80.332564352,1.877527,2.00,0.50,
355,headland,-11.929,-18.869,40.485456904,-80.332566090,1.877527,2.00,0.50,
356,headland,-12.076,-18.404,40.485461106,-80.332567827,1.877527,2.00,0.50,
357,headland,-12.223,-17.940,40.485465307,-80.332569564,1.877527,2.00,0.50,
358,headland,-12.370,-17.475,40.485469509,-80.332571302,1.877527,2.00,0.50,
359,headland,-12.517,-17.011,40.485473710,-80.332573039,1.877527,2.00,0.50,
360,headland,-12.664,-16.547,40.485477912,-80.332574776,1.877527,2.00,0.50,
361,headland,-12.811,-16.082,40.485482113,-80.332576514,1.877527,2.00,0.50,
362,headland,-12.958,-15.618,40.485486314,-80.332578251,1.877527,2.00,0.50,
363,headland,-13.105,-15.153,40.485490516,-80.332579988,1.877527,2.00,0.50,
364,headland,-13.252,-14.689,40.485494717,-80.332581726,1.877527,2.00,0.50,
365,headland,-13.400,-14.224,40.485498919,-80.332583463,1.877527,2.00,0.50,
366,headland,-13.547,-13.760,40.485503120,-80.332585200,1.877527,2.00,0.50,
367,headland,-13.694,-13.296,40.485507322,-80.332586938,1.877527,2.00,0.50,
368,headland,-13.841,-12.831,40.485511523,-80.332588675,1.877527,2.00,0.50,
369,headland,-13.988,-12.367,40.485515724,-80.332590412,1.877527,2.00,0.50,
370,headland,-14.135,-11.902,40.485519926,-80.332592150,1.877527,2.00,0.50,
371,headland,-14.282,-11.438,40.485524127,-80.332593887,1.877527,2.00,0.50,
372,headland,-14.429,-10.973,40.485528329,-80.332595625,1.877527,2.00,0.50,
373,headland,-14.576,-10.509,40.485532530,-80.332597362,1.877527,2.00,0.50,
374,headland,-14.723,-10.045,40.485536731,-80.332599099,1.877527,2.00,0.50,
375,headland,-14.871,-9.580,40.485540933,-80.332600837,1.877527,2.00,0.50,
376,headland,-15.018,-9.116,40.485545134,-80.332602574,1.877527,2.00,0.50,
377,headland,-15.165,-8.651,40.485549336,-80.332604311,1.877527,2.00,0.50,
378,headland,-15.312,-8.187,40.485553537,-80.332606049,1.877527,2.00,0.50,
379,headland,-15.459,-7.722,40.485557739,-80.332607786,1.828503,2.00,0.50,6.869
380,headland,-15.506,-7.542,40.485559368,-80.332608347,1.730457,2.00,0.50,1.900
381,headland,-15.536,-7.359,40.485561031,-80.332608696,1.632410,2.00,0.50,1.900
382,headland,-15.547,-7.173,40.485562712,-80.332608832,1.534363,2.00,0.50,1.900
383,headland,-15.541,-6.987,40.485564396,-80.332608752,1.436316,2.00,0.50,1.900
384,headland,-15.516,-6.802,40.485566065,-80.332608457,1.338269,2.00,0.50,1.900
385,headland,-15.473,-6.621,40.485567704,-80.332607950,1.240223,2.00,0.50,1.900
386,headland,-15.412,-6.445,40.485569298,-80.332607236,1.142176,2.00,0.50,1.900
387,headland,-15.335,-6.275,40.485570830,-80.332606322,1.044129,2.00,0.50,1.900
388,headland,-15.241,-6.114,40.485572286,-80.332605216,0.946082,2.00,0.50,1.900
389,headland,-15.132,-5.963,40.485573653,-80.332603930,0.848036,2.00,0.50,1.900
390,headland,-15.009,-5.824,40.485574916,-80.332602475,0.749989,2.00,0.50,1.900
391,headland,-14.873,-5.697,40.485576064,-80.332600866,0.651942,2.00,0.50,1.900
392,headland,-14.725,-5.584,40.485577086,-80.332599118,0.553895,2.00,0.50,1.900
393,headland,-14.567,-5.486,40.485577972,-80.332597247,0.455849,2.00,0.50,1.900
394,headland,-14.399,-5.404,40.485578714,-80.332595272,0.357802,2.00,0.50,1.900
395,headland,-14.225,-5.339,40.485579304,-80.332593212,0.259755,2.00,0.50,1.900
396,headland,-14.045,-5.291,40.485579737,-80.332591087,0.210732,2.00,0.50,6.640
397,headland,-13.591,-5.194,40.485580616,-80.332585719,0.210732,2.00,0.50,
398,headland,-13.136,-5.096,40.485581495,-80.332580352,0.210732,2.00,0.50,
399,headland,-12.682,-4.999,40.485582375,-80.332574985,0.210732,2.00,0.50,
400,headland,-12.227,-4.902,40.485583254,-80.332569617,0.210732,2.00,0.50,
401,headland,-11.773,-4.805,40.485584133,-80.332564250,0.210732,2.00,0.50,
402,headland,-11.318,-4.708,40.485585013,-80.332558883,0.210732,2.00,0.50,
403,headland,-10.864,-4.610,40.485585892,-80.332553516,0.210732,2.00,0.50,
404,headland,-10.410,-4.513,40.485586772,-80.332548148,0.210732,2.00,0.50,
405,headland,-9.955,-4.416,40.485587651,-80.332542781,0.210732,2.00,0.50,
406,headland,-9.501,-4.319,40.485588530,-80.332537414,0.210732,2.00,0.50,
407,headland,-9.046,-4.222,40.485589410,-80.332532047,0.210732,2.00,0.50,
408,headland,-8.592,-4.124,40.485590289,-80.332526679,0.210732,2.00,0.50,
409,headland,-8.137,-4.027,40.485591168,-80.332521312,0.210732,2.00,0.50,
410,headland,-7.683,-3.930,40.485592048,-80.332515945,0.210732,2.00,0.50,
411,headland,-7.229,-3.833,40.485592927,-80.332510578,0.210732,2.00,0.50,
412,headland,-6.774,-3.736,40.485593807,-80.332505210,0.210732,2.00,0.50,
413,headland,-6.320,-3.638,40.485594686,-80.332499843,0.210732,2.00,0.50,
414,headland,-5.865,-3.541,40.485595565,-80.332494476,0.210732,2.00,0.50,
415,headland,-5.411,-3.444,40.485596445,-80.332489108,0.210732,2.00,0.50,
416,headland,-4.956,-3.347,40.485597324,-80.332483741,0.210732,2.00,0.50,
417,headland,-4.502,-3.250,40.485598203,-80.332478374,0.210732,2.00,0.50,
418,headland,-4.048,-3.152,40.485599083,-80.332473007,0.210732,2.00,0.50,
419,headland,-3.593,-3.055,40.485599962,-80.332467639,0.210732,2.00,0.50,
420,headland,-3.139,-2.958,40.485600841,-80.332462272,0.162184,2.00,0.50,6.686
421,headland,-2.957,-2.928,40.485601111,-80.332460123,0.065088,2.00,0.50,1.900
422,headland,-2.773,-2.916,40.485601219,-80.332457949,6.251177,2.00,0.50,1.900
423,headland,-2.588,-2.922,40.485601166,-80.332455772,6.154081,2.00,0.50,1.900
424,headland,-2.406,-2.946,40.485600951,-80.332453612,6.056985,2.00,0.50,1.900
425,headland,-2.226,-2.987,40.485600577,-80.332451490,5.959889,2.00,0.50,1.900
426,headland,-2.051,-3.046,40.485600047,-80.332449424,5.862793,2.00,0.50,1.900
427,headland,-1.883,-3.121,40.485599366,-80.332447436,5.765697,2.00,0.50,1.900
428,headland,-1.722,-3.212,40.485598541,-80.332445543,5.668601,2.00,0.50,1.900
429,headland,-1.572,-3.319,40.485597579,-80.332443764,5.571505,2.00,0.50,1.900
430,headland,-1.432,-3.439,40.485596489,-80.332442114,5.474409,2.00,0.50,1.900
431,headland,-1.305,-3.572,40.485595283,-80.332440611,5.377313,2.00,0.50,1.900
432,headland,-1.191,-3.717,40.485593970,-80.332439267,5.280217,2.00,0.50,1.900
433,headland,-1.092,-3.873,40.485592563,-80.332438095,5.183121,2.00,0.50,1.900
434,headland,-1.008,-4.037,40.485591076,-80.332437107,5.086025,2.00,0.50,1.900
435,headland,-0.941,-4.209,40.485589523,-80.332436312,5.037478,2.00,0.50,6.858
436,headland,-0.787,-4.665,40.485585397,-80.332434497,5.037478,2.00,0.50,
437,headland,-0.633,-5.121,40.485581271,-80.332432681,5.037478,2.00,0.50,
438,headland,-0.480,-5.577,40.485577144,-80.332430865,5.037478,2.00,0.50,
439,headland,-0.326,-6.033,40.485573018,-80.332429050,5.037478,2.00,0.50,
440,headland,-0.172,-6.490,40.485568892,-80.332427234,5.037478,2.00,0.50,
441,headland,-0.018,-6.946,40.485564766,-80.332425418,5.037478,2.00,0.50,
442,headland,0.135,-7.402,40.485560640,-80.332423602,5.037478,2.00,0.50,
443,headland,0.289,-7.858,40.485556513,-80.332421787,5.037478,2.00,0.50,
444,headland,0.443,-8.314,40.485552387,-80.332419971,5.037478,2.00,0.50,
445,headland,0.596,-8.770,40.485548261,-80.332418155,4.905899,2.00,0.50,3.726
446,connector,0.692,-9.259,40.485543835,-80.332417023,4.737178,1.50,0.50,1.900
447,connector,0.696,-9.400,40.485542559,-80.332416981,4.700036,1.50,0.50,8.631
448,connector,0.690,-9.900,40.485538036,-80.332417054,4.700036,1.50,0.50,
449,connector,0.683,-10.400,40.485533513,-80.332417127,4.700036,1.50,0.50,
450,connector,0.677,-10.900,40.485528990,-80.332417200,4.700036,1.50,0.50,
451,connector,0.671,-11.400,40.485524467,-80.332417273,4.700036,1.50,0.50,
452,connector,0.665,-11.900,40.485519944,-80.332417346,4.700036,1.50,0.50,
453,connector,0.659,-12.400,40.485515421,-80.332417419,4.700036,1.50,0.50,
454,connector,0.653,-12.900,40.485510898,-80.332417492,4.700036,1.50,0.50,
455,connector,0.646,-13.400,40.485506375,-80.332417565,4.700036,1.50,0.50,
456,connector,0.640,-13.900,40.485501853,-80.332417638,4.700036,1.50,0.50,
457,connector,0.634,-14.400,40.485497330,-80.332417711,4.700036,1.50,0.50,
458,connector,0.628,-14.900,40.485492807,-80.332417784,4.700036,1.50,0.50,
459,connector,0.622,-15.400,40.485488284,-80.332417857,4.700036,1.50,0.50,
460,connector,0.616,-15.900,40.485483761,-80.332417930,4.700036,1.50,0.50,
461,connector,0.609,-16.400,40.485479238,-80.332418003,4.700036,1.50,0.50,
462,connector,0.603,-16.900,40.485474715,-80.332418076,4.700036,1.50,0.50,
463,connector,0.597,-17.400,40.485470192,-80.332418149,4.700036,1.50,0.50,
464,connector,0.591,-17.900,40.485465669,-80.332418222,4.700036,1.50,0.50,
465,connector,0.585,-18.400,40.485461146,-80.332418295,4.700036,1.50,0.50,
466,connector,0.578,-18.900,40.485456623,-80.332418367,4.700036,1.50,0.50,
467,connector,0.572,-19.400,40.485452101,-80.332418440,4.700036,1.50,0.50,
468,connector,0.566,-19.900,40.485447578,-80.332418513,4.700036,1.50,0.50,
469,connector,0.560,-20.400,40.485443055,-80.332418586,4.700036,1.50,0.50,
470,connector,0.554,-20.900,40.485438532,-80.332418659,4.700036,1.50,0.50,
471,connector,0.548,-21.400,40.485434009,-80.332418732,4.700036,1.50,0.50,
472,connector,0.541,-21.900,40.485429486,-80.332418805,4.700036,1.50,0.50,
473,connector,0.535,-22.399,40.485424963,-80.332418878,4.700036,1.50,0.50,
474,connector,0.529,-22.899,40.485420440,-80.332418951,4.700036,1.50,0.50,
475,connector,0.523,-23.399,40.485415917,-80.332419024,4.700036,1.50,0.50,
476,connector,0.517,-23.899,40.485411394,-80.332419097,4.700036,1.50,0.50,
477,connector,0.511,-24.399,40.485406872,-80.332419170,4.700036,1.50,0.50,
478,connector,0.504,-24.899,40.485402349,-80.332419243,4.700036,1.50,0.50,
479,connector,0.498,-25.399,40.485397826,-80.332419316,4.700036,1.50,0.50,
480,connector,0.495,-25.638,40.485395669,-80.332419351,4.831615,1.50,0.50,2.803
481,connector,0.555,-26.133,40.485391190,-80.332418650,5.094773,1.50,0.50,1.900
482,connector,0.741,-26.595,40.485387006,-80.332416453,5.357931,1.50,0.50,1.900
483,connector,1.041,-26.993,40.485383403,-80.332412910,5.621089,1.50,0.50,1.900
484,connector,1.434,-27.300,40.485380631,-80.332408266,5.884246,1.50,0.50,1.900
485,connector,1.893,-27.494,40.485378879,-80.332402840,6.147404,1.50,0.50,1.900
486,connector,2.387,-27.561,40.485378268,-80.332397006,0.127377,1.50,0.50,1.900
487,connector,2.882,-27.498,40.485378841,-80.332391165,0.390535,1.50,0.50,1.900
488,connector,3.343,-27.308,40.485380558,-80.332385720,0.653693,1.50,0.50,1.900
489,connector,3.738,-27.005,40.485383301,-80.332381045,0.916851,1.50,0.50,1.900
490,connector,4.042,-26.609,40.485386881,-80.332377463,1.180009,1.50,0.50,1.900
491,connector,4.232,-26.148,40.485391051,-80.332375220,1.443166,1.50,0.50,1.900
492,connector,4.295,-25.654,40.485395524,-80.332374471,1.703670,1.50,0.50,1.900
493,connector,4.230,-25.169,40.485399905,-80.332375235,1.832595,1.50,0.50,3.787
494,stripe,4.104,-24.699,40.485404162,-80.332376724,1.832595,3.00,0.75,
495,stripe,3.978,-24.228,40.485408419,-80.332378213,1.832595,3.00,0.75,
496,stripe,3.852,-23.758,40.485412676,-80.332379703,1.832595,3.00,0.75,
497,stripe,3.726,-23.287,40.485416933,-80.332381192,1.832595,3.00,0.75,
498,stripe,3.600,-22.817,40.485421190,-80.332382681,1.832595,3.00,0.75,
499,stripe,3.474,-22.346,40.485425447,-80.332384170,1.832595,3.00,0.75,
500,stripe,3.348,-21.875,40.485429704,-80.332385660,1.832595,3.00,0.75,
501,stripe,3.222,-21.405,40.485433961,-80.332387149,1.832595,3.00,0.75,
502,stripe,3.096,-20.934,40.485438218,-80.332388638,1.832595,3.00,0.75,
503,stripe,2.969,-20.464,40.485442475,-80.332390127,1.832595,3.00,0.75,
504,stripe,2.843,-19.993,40.485446732,-80.332391616,1.832595,3.00,0.75,
505,stripe,2.717,-19.523,40.485450989,-80.332393106,1.832595,3.00,0.75,
506,stripe,2.591,-19.052,40.485455246,-80.332394595,1.832595,3.00,0.75,
507,stripe,2.465,-18.581,40.485459503,-80.332396084,1.832595,3.00,0.75,
508,stripe,2.339,-18.111,40.485463760,-80.332397573,1.832595,3.00,0.75,
509,stripe,2.213,-17.640,40.485468017,-80.332399063,1.832595,3.00,0.75,
510,stripe,2.087,-17.170,40.485472274,-80.332400552,1.832595,3.00,0.75,
511,stripe,1.961,-16.699,40.485476531,-80.332402041,1.832595,3.00,0.75,
512,stripe,1.835,-16.229,40.485480787,-80.332403530,1.832595,3.00,0.75,
513,stripe,1.709,-15.758,40.485485044,-80.332405019,1.832595,3.00,0.75,
514,stripe,1.583,-15.288,40.485489301,-80.332406509,1.832595,3.00,0.75,
515,stripe,1.456,-14.817,40.485493558,-80.332407998,1.832595,3.00,0.75,
516,stripe,1.330,-14.346,40.485497815,-80.332409487,1.832595,3.00,0.75,
517,stripe,1.204,-13.876,40.485502072,-80.332410976,1.832595,3.00,0.75,
518,stripe,1.078,-13.405,40.485506329,-80.332412466,1.832595,3.00,0.75,
519,stripe,0.952,-12.935,40.485510586,-80.332413955,1.832595,3.00,0.75,
520,stripe,0.826,-12.464,40.485514843,-80.332415444,1.832595,3.00,0.75,
521,stripe,0.700,-11.994,40.485519100,-80.332416933,1.832595,3.00,0.75,
522,stripe,0.574,-11.523,40.485523357,-80.332418422,1.832595,3.00,0.75,
523,stripe,0.448,-11.052,40.485527614,-80.332419912,1.832595,3.00,0.75,
524,stripe,0.322,-10.582,40.485531871,-80.332421401,1.832595,3.00,0.75,
525,stripe,0.196,-10.111,40.485536128,-80.332422890,1.832595,3.00,0.75,
526,stripe,0.069,-9.641,40.485540385,-80.332424379,1.832595,3.00,0.75,
527,stripe,-0.057,-9.170,40.485544642,-80.332425869,1.832595,3.00,0.75,
528,stripe,-0.183,-8.700,40.485548899,-80.332427358,1.832595,3.00,0.75,
529,stripe,-0.309,-8.229,40.485553156,-80.332428847,1.964174,3.00,0.75,3.748
530,connector,-0.500,-7.769,40.485557322,-80.332431104,2.227332,1.50,0.50,1.900
531,connector,-0.804,-7.374,40.485560894,-80.332434698,2.490490,1.50,0.50,1.900
532,connector,-1.201,-7.071,40.485563628,-80.332439382,2.753647,1.50,0.50,1.900
533,connector,-1.662,-6.883,40.485565334,-80.332444833,3.016805,1.50,0.50,1.900
534,connector,-2.157,-6.821,40.485565895,-80.332450676,3.279963,1.50,0.50,1.900
535,connector,-2.651,-6.890,40.485565273,-80.332456508,3.501955,1.50,0.50,1.900
536,connector,-2.972,-7.011,40.485564179,-80.332460300,3.460789,1.50,0.50,10.224
537,connector,-3.445,-7.167,40.485562763,-80.332465891,3.197631,1.50,0.50,1.900
538,connector,-3.943,-7.195,40.485562511,-80.332471770,2.934473,1.50,0.50,1.900
539,connector,-4.431,-7.092,40.485563438,-80.332477533,2.671315,1.50,0.50,1.900
540,connector,-4.875,-6.867,40.485565482,-80.332482782,2.408157,1.50,0.50,1.900
541,connector,-5.246,-6.533,40.485568501,-80.332487157,2.144999,1.50,0.50,1.900
542,connector,-5.516,-6.114,40.485572288,-80.332490355,1.881842,1.50,0.50,1.900
543,connector,-5.669,-5.640,40.485576582,-80.332492157,1.618684,1.50,0.50,1.900
544,connector,-5.693,-5.142,40.485581087,-80.332492439,1.355526,1.50,0.50,1.900
545,connector,-5.586,-4.654,40.485585493,-80.332491181,1.092368,1.50,0.50,1.900
546,connector,-5.357,-4.212,40.485589497,-80.332488470,0.829210,1.50,0.50,1.900
547,connector,-5.020,-3.844,40.485592823,-80.332484493,0.566052,1.50,0.50,1.900
548,connector,-4.599,-3.577,40.485595242,-80.332479523,0.302894,1.50,0.50,1.900
549,connector,-4.123,-3.428,40.485596587,-80.332473902,0.039736,1.50,0.50,1.900
550,connector,-3.625,-3.408,40.485596766,-80.332468019,6.059764,1.50,0.50,1.900
551,connector,-3.139,-3.519,40.485595767,-80.332462276,5.796606,1.50,0.50,1.900
552,connector,-2.698,-3.752,40.485593658,-80.332457071,5.533448,1.50,0.50,1.900
553,connector,-2.334,-4.092,40.485590584,-80.332452762,5.270290,1.50,0.50,1.900
554,connector,-2.070,-4.515,40.485586758,-80.332449644,5.007132,1.50,0.50,1.900
555,connector,-1.925,-4.992,40.485582442,-80.332447934,4.743974,1.50,0.50,1.900
556,connector,-1.909,-5.490,40.485577934,-80.332447748,4.601276,1.50,0.50,1.900
557,connector,-1.914,-5.532,40.485577554,-80.332447803,4.721735,1.50,0.50,2.249
558,connector,-1.909,-6.031,40.485573044,-80.332447748,4.913750,1.50,0.50,1.900
559,connector,-1.863,-6.255,40.485571010,-80.332447206,4.974186,1.50,0.50,6.018
560,stripe,-1.734,-6.736,40.485566661,-80.332445685,4.974186,3.00,0.75,
561,stripe,-1.606,-7.217,40.485562312,-80.332444163,4.974186,3.00,0.75,
562,stripe,-1.477,-7.698,40.485557963,-80.332442642,4.974186,3.00,0.75,
563,stripe,-1.348,-8.178,40.485553614,-80.332441120,4.974186,3.00,0.75,
564,stripe,-1.219,-8.659,40.485549265,-80.332439599,4.974186,3.00,0.75,
565,stripe,-1.090,-9.140,40.485544917,-80.332438078,4.974186,3.00,0.75,
566,stripe,-0.962,-9.621,40.485540568,-80.332436556,4.974186,3.00,0.75,
567,stripe,-0.833,-10.101,40.485536219,-80.332435035,4.974186,3.00,0.75,
568,stripe,-0.704,-10.582,40.485531870,-80.332433514,4.974186,3.00,0.75,
569,stripe,-0.575,-11.063,40.485527521,-80.332431992,4.974186,3.00,0.75,
570,stripe,-0.446,-11.543,40.485523172,-80.332430471,4.974186,3.00,0.75,
571,stripe,-0.317,-12.024,40.485518823,-80.332428949,4.974186,3.00,0.75,
572,stripe,-0.189,-12.505,40.485514474,-80.332427428,4.974186,3.00,0.75,
573,stripe,-0.060,-12.986,40.485510125,-80.332425907,4.974186,3.00,0.75,
574,stripe,0.069,-13.466,40.485505777,-80.332424385,4.974186,3.00,0.75,
575,stripe,0.198,-13.947,40.485501428,-80.332422864,4.974186,3.00,0.75,
576,stripe,0.327,-14.428,40.485497079,-80.332421343,4.974186,3.00,0.75,
577,stripe,0.455,-14.909,40.485492730,-80.332419821,4.974186,3.00,0.75,
578,stripe,0.584,-15.389,40.485488381,-80.332418300,4.974186,3.00,0.75,
579,stripe,0.713,-15.870,40.485484032,-80.332416779,4.974186,3.00,0.75,
580,stripe,0.842,-16.351,40.485479683,-80.332415257,4.974186,3.00,0.75,
581,stripe,0.971,-16.831,40.485475334,-80.332413736,4.974186,3.00,0.75,
582,stripe,1.099,-17.312,40.485470985,-80.332412214,4.974186,3.00,0.75,
583,stripe,1.228,-17.793,40.485466636,-80.332410693,4.974186,3.00,0.75,
584,stripe,1.357,-18.274,40.485462287,-80.332409172,4.974186,3.00,0.75,
585,stripe,1.486,-18.754,40.485457939,-80.332407650,4.974186,3.00,0.75,
586,stripe,1.615,-19.235,40.485453590,-80.332406129,4.974186,3.00,0.75,
587,stripe,1.743,-19.716,40.485449241,-80.332404607,4.974186,3.00,0.75,
588,stripe,1.872,-20.197,40.485444892,-80.332403086,4.974186,3.00,0.75,
589,stripe,2.001,-20.677,40.485440543,-80.332401565,4.974186,3.00,0.75,
590,stripe,2.130,-21.158,40.485436194,-80.332400043,4.974186,3.00,0.75,
591,stripe,2.259,-21.639,40.485431845,-80.332398522,4.974186,3.00,0.75,
592,stripe,2.388,-22.119,40.485427496,-80.332397001,4.974186,3.00,0.75,
593,stripe,2.516,-22.600,40.485423147,-80.332395479,4.974186,3.00,0.75,
594,stripe,2.645,-23.081,40.485418799,-80.332393958,4.974186,3.00,0.75,
595,stripe,2.774,-23.562,40.485414450,-80.332392437,4.974186,3.00,0.75,
596,stripe,2.903,-24.042,40.485410101,-80.332390915,4.974186,3.00,0.75,
597,stripe,3.032,-24.523,40.485405752,-80.332389394,4.974186,3.00,0.75,
598,stripe,3.160,-25.004,40.485401403,-80.332387872,4.974186,3.00,0.75,
599,stripe,3.289,-25.485,40.485397054,-80.332386351,5.105765,3.00,0.75,3.788
600,connector,3.480,-25.945,40.485392888,-80.332384094,5.368923,1.50,0.50,1.900
601,connector,3.785,-26.340,40.485389316,-80.332380500,5.632081,1.50,0.50,1.900
602,connector,4.181,-26.642,40.485386582,-80.332375816,5.819645,1.50,0.50,1.900
603,connector,4.371,-26.737,40.485385722,-80.332373570,5.744050,1.50,0.50,4.706
604,connector,4.799,-26.993,40.485383407,-80.332368516,5.480892,1.50,0.50,1.900
605,connector,5.146,-27.352,40.485380164,-80.332364423,5.217735,1.50,0.50,1.900
606,connector,5.387,-27.788,40.485376218,-80.332361573,4.954577,1.50,0.50,1.900
607,connector,5.507,-28.272,40.485371839,-80.332360161,4.691419,1.50,0.50,1.900
608,connector,5.496,-28.770,40.485367330,-80.332360284,4.428261,1.50,0.50,1.900
609,connector,5.356,-29.249,40.485363000,-80.332361935,4.165103,1.50,0.50,1.900
610,connector,5.097,-29.675,40.485359149,-80.332364999,3.901945,1.50,0.50,1.900
611,connector,4.736,-30.018,40.485356041,-80.332369266,3.638787,1.50,0.50,1.900
612,connector,4.298,-30.256,40.485353889,-80.332374441,3.375629,1.50,0.50,1.900
613,connector,3.813,-30.372,40.485352843,-80.332380169,3.112471,1.50,0.50,1.900
614,connector,3.314,-30.357,40.485352975,-80.332386055,2.849313,1.50,0.50,1.900
615,connector,2.837,-30.213,40.485354274,-80.332391694,2.586156,1.50,0.50,1.900
616,connector,2.413,-29.951,40.485356653,-80.332396697,2.322998,1.50,0.50,1.900
617,connector,2.073,-29.586,40.485359946,-80.332400720,2.059840,1.50,0.50,1.900
618,connector,1.838,-29.146,40.485363927,-80.332403487,1.796682,1.50,0.50,1.900
619,connector,1.727,-28.660,40.485368323,-80.332404806,1.533524,1.50,0.50,1.900
620,connector,1.745,-28.162,40.485372830,-80.332404586,1.270366,1.50,0.50,1.900
621,connector,1.893,-27.686,40.485377138,-80.332402844,1.047670,1.50,0.50,1.900
622,connector,2.066,-27.387,40.485379848,-80.332400803,1.088131,1.50,0.50,10.435
623,connector,2.297,-26.945,40.485383843,-80.332398070,1.351289,1.50,0.50,1.900
624,connector,2.406,-26.458,40.485388245,-80.332396788,1.614447,1.50,0.50,1.900
625,connector,2.384,-25.960,40.485392751,-80.332397045,1.789310,1.50,0.50,1.900
626,connector,2.348,-25.800,40.485394203,-80.332397466,1.832593,1.50,0.50,7.541
627,stripe,2.222,-25.328,40.485398470,-80.332398959,1.832593,3.00,0.75,
628,stripe,2.095,-24.856,40.485402736,-80.332400451,1.832593,3.00,0.75,
629,stripe,1.969,-24.385,40.485407003,-80.332401944,1.832593,3.00,0.75,
630,stripe,1.843,-23.913,40.485411269,-80.332403436,1.832593,3.00,0.75,
631,stripe,1.716,-23.442,40.485415536,-80.332404929,1.832593,3.00,0.75,
632,stripe,1.590,-22.970,40.485419803,-80.332406422,1.832593,3.00,0.75,
633,stripe,1.464,-22.498,40.485424069,-80.332407914,1.832593,3.00,0.75,
634,stripe,1.337,-22.027,40.485428336,-80.332409407,1.832593,3.00,0.75,
635,stripe,1.211,-21.555,40.485432602,-80.332410899,1.832593,3.00,0.75,
636,stripe,1.084,-21.083,40.485436869,-80.332412392,1.832593,3.00,0.75,
637,stripe,0.958,-20.612,40.485441136,-80.332413884,1.832593,3.00,0.75,
638,stripe,0.832,-20.140,40.485445402,-80.332415377,1.832593,3.00,0.75,
639,stripe,0.705,-19.669,40.485449669,-80.332416870,1.832593,3.00,0.75,
640,stripe,0.579,-19.197,40.485453936,-80.332418362,1.832593,3.00,0.75,
641,stripe,0.453,-18.725,40.485458202,-80.332419855,1.832593,3.00,0.75,
642,stripe,0.326,-18.254,40.485462469,-80.332421347,1.832593,3.00,0.75,
643,stripe,0.200,-17.782,40.485466735,-80.332422840,1.832593,3.00,0.75,
644,stripe,0.073,-17.310,40.485471002,-80.332424333,1.832593,3.00,0.75,
645,stripe,-0.053,-16.839,40.485475269,-80.332425825,1.832593,3.00,0.75,
646,stripe,-0.179,-16.367,40.485479535,-80.332427318,1.832593,3.00,0.75,
647,stripe,-0.306,-15.895,40.485483802,-80.332428810,1.832593,3.00,0.75,
648,stripe,-0.432,-15.424,40.485488068,-80.332430303,1.832593,3.00,0.75,
649,stripe,-0.558,-14.952,40.485492335,-80.332431795,1.832593,3.00,0.75,
650,stripe,-0.685,-14.481,40.485496602,-80.332433288,1.832593,3.00,0.75,
651,stripe,-0.811,-14.009,40.485500868,-80.332434781,1.832593,3.00,0.75,
652,stripe,-0.938,-13.537,40.485505135,-80.332436273,1.832593,3.00,0.75,
653,stripe,-1.064,-13.066,40.485509401,-80.332437766,1.832593,3.00,0.75,
654,stripe,-1.190,-12.594,40.485513668,-80.332439258,1.832593,3.00,0.75,
655,stripe,-1.317,-12.122,40.485517935,-80.332440751,1.832593,3.00,0.75,
656,stripe,-1.443,-11.651,40.485522201,-80.332442244,1.832593,3.00,0.75,
657,stripe,-1.569,-11.179,40.485526468,-80.332443736,1.832593,3.00,0.75,
658,stripe,-1.696,-10.708,40.485530735,-80.332445229,1.832593,3.00,0.75,
659,stripe,-1.822,-10.236,40.485535001,-80.332446721,1.832593,3.00,0.75,
660,stripe,-1.949,-9.764,40.485539268,-80.332448214,1.832593,3.00,0.75,
661,stripe,-2.075,-9.293,40.485543534,-80.332449706,1.832593,3.00,0.75,
662,stripe,-2.201,-8.821,40.485547801,-80.332451199,1.832593,3.00,0.75,
663,stripe,-2.328,-8.349,40.485552068,-80.332452692,1.832593,3.00,0.75,
664,stripe,-2.454,-7.878,40.485556334,-80.332454184,1.832593,3.00,0.75,
665,stripe,-2.580,-7.406,40.485560601,-80.332455677,1.832593,3.00,0.75,
666,stripe,-2.707,-6.934,40.485564867,-80.332457169,1.832593,3.00,0.75,
667,stripe,-2.833,-6.463,40.485569134,-80.332458662,1.701015,3.00,0.75,3.753
668,connector,-2.898,-5.968,40.485573606,-80.332459427,1.437857,1.50,0.50,1.900
669,connector,-2.832,-5.474,40.485578076,-80.332458646,1.174699,1.50,0.50,1.900
670,connector,-2.639,-5.014,40.485582237,-80.332456374,0.988200,1.50,0.50,1.900
671,connector,-2.525,-4.840,40.485583813,-80.332455019,1.064858,1.50,0.50,4.614
672,connector,-2.283,-4.404,40.485587758,-80.332452165,1.328016,1.50,0.50,1.900
673,connector,-2.163,-3.920,40.485592136,-80.332450749,1.591174,1.50,0.50,1.900
674,connector,-2.173,-3.422,40.485596646,-80.332450869,1.854332,1.50,0.50,1.900
675,connector,-2.313,-2.943,40.485600976,-80.332452517,2.117490,1.50,0.50,1.900
676,connector,-2.572,-2.517,40.485604829,-80.332455578,2.380648,1.50,0.50,1.900
677,connector,-2.933,-2.173,40.485607939,-80.332459842,2.643806,1.50,0.50,1.900
678,connector,-3.371,-1.935,40.485610092,-80.332465016,2.906964,1.50,0.50,1.900
679,connector,-3.856,-1.819,40.485611141,-80.332470743,3.170122,1.50,0.50,1.900
680,connector,-4.354,-1.834,40.485611012,-80.332476629,3.433279,1.50,0.50,1.900
681,connector,-4.832,-1.977,40.485609715,-80.332482269,3.696437,1.50,0.50,1.900
682,connector,-5.256,-2.240,40.485607339,-80.332487274,3.959595,1.50,0.50,1.900
683,connector,-5.596,-2.603,40.485604048,-80.332491300,4.222753,1.50,0.50,1.900
684,connector,-5.831,-3.043,40.485600067,-80.332494070,4.485911,1.50,0.50,1.900
685,connector,-5.943,-3.529,40.485595672,-80.332495392,4.749069,1.50,0.50,1.900
686,connector,-5.925,-4.027,40.485591165,-80.332495176,5.012227,1.50,0.50,1.900
687,connector,-5.777,-4.504,40.485586856,-80.332493437,5.275385,1.50,0.50,1.900
688,connector,-5.511,-4.925,40.485583042,-80.332490294,5.538543,1.50,0.50,1.900
689,connector,-5.145,-5.263,40.485579986,-80.332485964,5.761242,1.50,0.50,1.900
690,connector,-4.845,-5.436,40.485578426,-80.332482424,5.720783,1.50,0.50,10.435
691,connector,-4.423,-5.702,40.485576021,-80.332477442,5.457625,1.50,0.50,1.900
692,connector,-4.085,-6.068,40.485572706,-80.332473449,5.194467,1.50,0.50,1.900
693,connector,-3.854,-6.510,40.485568710,-80.332470719,5.018540,1.50,0.50,1.900
694,connector,-3.803,-6.670,40.485567257,-80.332470119,4.974191,1.50,0.50,7.436
695,stripe,-3.676,-7.145,40.485562967,-80.332468618,4.974191,3.00,0.75,
696,stripe,-3.549,-7.619,40.485558676,-80.332467117,4.974191,3.00,0.75,
697,stripe,-3.422,-8.093,40.485554386,-80.332465616,4.974191,3.00,0.75,
698,stripe,-3.295,-8.567,40.485550096,-80.332464115,4.974191,3.00,0.75,
699,stripe,-3.168,-9.042,40.485545805,-80.332462614,4.974191,3.00,0.75,
700,stripe,-3.041,-9.516,40.485541515,-80.332461113,4.974191,3.00,0.75,
701,stripe,-2.914,-9.990,40.485537224,-80.332459613,4.974191,3.00,0.75,
702,stripe,-2.787,-10.464,40.485532934,-80.332458112,4.974191,3.00,0.75,
703,stripe,-2.659,-10.939,40.485528644,-80.332456611,4.974191,3.00,0.75,
704,stripe,-2.532,-11.413,40.485524353,-80.332455110,4.974191,3.00,0.75,
705,stripe,-2.405,-11.887,40.485520063,-80.332453609,4.974191,3.00,0.75,
706,stripe,-2.278,-12.361,40.485515773,-80.332452108,4.974191,3.00,0.75,
707,stripe,-2.151,-12.836,40.485511482,-80.332450607,4.974191,3.00,0.75,
708,stripe,-2.024,-13.310,40.485507192,-80.332449106,4.974191,3.00,0.75,
709,stripe,-1.897,-13.784,40.485502902,-80.332447605,4.974191,3.00,0.75,
710,stripe,-1.770,-14.258,40.485498611,-80.332446104,4.974191,3.00,0.75,
711,stripe,-1.643,-14.733,40.485494321,-80.332444603,4.974191,3.00,0.75,
712,stripe,-1.516,-15.207,40.485490030,-80.332443102,4.974191,3.00,0.75,
713,stripe,-1.389,-15.681,40.485485740,-80.332441601,4.974191,3.00,0.75,
714,stripe,-1.262,-16.155,40.485481450,-80.332440100,4.974191,3.00,0.75,
715,stripe,-1.134,-16.630,40.485477159,-80.332438600,4.974191,3.00,0.75,
716,stripe,-1.007,-17.104,40.485472869,-80.332437099,4.974191,3.00,0.75,
717,stripe,-0.880,-17.578,40.485468579,-80.332435598,4.974191,3.00,0.75,
718,stripe,-0.753,-18.052,40.485464288,-80.332434097,4.974191,3.00,0.75,
719,stripe,-0.626,-18.527,40.485459998,-80.332432596,4.974191,3.00,0.75,
720,stripe,-0.499,-19.001,40.485455707,-80.332431095,4.974191,3.00,0.75,
721,stripe,-0.372,-19.475,40.485451417,-80.332429594,4.974191,3.00,0.75,
722,stripe,-0.245,-19.950,40.485447127,-80.332428093,4.974191,3.00,0.75,
723,stripe,-0.118,-20.424,40.485442836,-80.332426592,4.974191,3.00,0.75,
724,stripe,0.009,-20.898,40.485438546,-80.332425091,4.974191,3.00,0.75,
725,stripe,0.136,-21.372,40.485434256,-80.332423590,4.974191,3.00,0.75,
726,stripe,0.263,-21.847,40.485429965,-80.332422089,4.974191,3.00,0.75,
727,stripe,0.390,-22.321,40.485425675,-80.332420588,4.974191,3.00,0.75,
728,stripe,0.518,-22.795,40.485421385,-80.332419087,4.974191,3.00,0.75,
729,stripe,0.645,-23.269,40.485417094,-80.332417587,4.974191,3.00,0.75,
730,stripe,0.772,-23.744,40.485412804,-80.332416086,4.974191,3.00,0.75,
731,stripe,0.899,-24.218,40.485408513,-80.332414585,4.974191,3.00,0.75,
732,stripe,1.026,-24.692,40.485404223,-80.332413084,4.974191,3.00,0.75,
733,stripe,1.153,-25.166,40.485399933,-80.332411583,4.974191,3.00,0.75,
734,stripe,1.280,-25.641,40.485395642,-80.332410082,4.974191,3.00,0.75,
735,stripe,1.407,-26.115,40.485391352,-80.332408581,5.105770,3.00,0.75,3.763
736,connector,1.598,-26.575,40.485387186,-80.332406324,5.368928,1.50,0.50,1.900
737,connector,1.902,-26.970,40.485383614,-80.332402730,5.632086,1.50,0.50,1.900
738,connector,2.299,-27.272,40.485380880,-80.332398046,5.819647,1.50,0.50,1.900
739,connector,2.489,-27.367,40.485380020,-80.332395800,5.744051,1.50,0.50,4.705
740,connector,2.917,-27.623,40.485377705,-80.332390746,5.480893,1.50,0.50,1.900
741,connector,3.264,-27.982,40.485374462,-80.332386653,5.217735,1.50,0.50,1.900
742,connector,3.505,-28.418,40.485370516,-80.332383803,4.954577,1.50,0.50,1.900
743,connector,3.625,-28.902,40.485366137,-80.332382391,4.691419,1.50,0.50,1.900
744,connector,3.614,-29.401,40.485361628,-80.332382514,4.428262,1.50,0.50,1.900
745,connector,3.474,-29.879,40.485357298,-80.332384165,4.165104,1.50,0.50,1.900
746,connector,3.215,-30.305,40.485353447,-80.332387229,3.901946,1.50,0.50,1.900
747,connector,2.854,-30.648,40.485350339,-80.332391496,3.638788,1.50,0.50,1.900
748,connector,2.415,-30.886,40.485348187,-80.332396671,3.375630,1.50,0.50,1.900
749,connector,1.930,-31.002,40.485347142,-80.332402399,3.112472,1.50,0.50,1.900
750,connector,1.432,-30.987,40.485347273,-80.332408285,2.849314,1.50,0.50,1.900
751,connector,0.955,-30.844,40.485348572,-80.332413924,2.586156,1.50,0.50,1.900
752,connector,0.531,-30.581,40.485350951,-80.332418927,2.322998,1.50,0.50,1.900
753,connector,0.190,-30.217,40.485354244,-80.332422950,2.059840,1.50,0.50,1.900
754,connector,-0.044,-29.777,40.485358226,-80.332425717,1.796683,1.50,0.50,1.900
755,connector,-0.155,-29.291,40.485362621,-80.332427036,1.533525,1.50,0.50,1.900
756,connector,-0.137,-28.793,40.485367128,-80.332426816,1.270367,1.50,0.50,1.900
757,connector,0.011,-28.316,40.485371436,-80.332425074,1.047689,1.50,0.50,1.900
758,connector,0.183,-28.017,40.485374146,-80.332423034,1.088169,1.50,0.50,10.429
759,connector,0.415,-27.575,40.485378141,-80.332420301,1.351327,1.50,0.50,1.900
760,connector,0.523,-27.089,40.485382543,-80.332419019,1.614485,1.50,0.50,1.900
761,connector,0.502,-26.591,40.485387049,-80.332419276,1.789329,1.50,0.50,1.900
762,connector,0.466,-26.430,40.485388500,-80.332419697,1.832594,1.50,0.50,7.606
763,stripe,0.338,-25.953,40.485392814,-80.332421206,1.832594,3.00,0.75,
764,stripe,0.210,-25.476,40.485397128,-80.332422715,1.832594,3.00,0.75,
765,stripe,0.083,-24.999,40.485401442,-80.332424225,1.832594,3.00,0.75,
766,stripe,-0.045,-24.523,40.485405757,-80.332425734,1.832594,3.00,0.75,
767,stripe,-0.173,-24.046,40.485410071,-80.332427243,1.832594,3.00,0.75,
768,stripe,-0.301,-23.569,40.485414385,-80.332428752,1.832594,3.00,0.75,
769,stripe,-0.429,-23.092,40.485418699,-80.332430262,1.832594,3.00,0.75,
770,stripe,-0.556,-22.615,40.485423013,-80.332431771,1.832594,3.00,0.75,
771,stripe,-0.684,-22.138,40.485427327,-80.332433280,1.832594,3.00,0.75,
772,stripe,-0.812,-21.661,40.485431641,-80.332434789,1.832594,3.00,0.75,
773,stripe,-0.940,-21.184,40.485435956,-80.332436298,1.832594,3.00,0.75,
774,stripe,-1.067,-20.707,40.485440270,-80.332437808,1.832594,3.00,0.75,
775,stripe,-1.195,-20.231,40.485444584,-80.332439317,1.832594,3.00,0.75,
776,stripe,-1.323,-19.754,40.485448898,-80.332440826,1.832594,3.00,0.75,
777,stripe,-1.451,-19.277,40.485453212,-80.332442335,1.832594,3.00,0.75,
778,stripe,-1.579,-18.800,40.485457526,-80.332443845,1.832594,3.00,0.75,
779,stripe,-1.706,-18.323,40.485461840,-80.332445354,1.832594,3.00,0.75,
780,stripe,-1.834,-17.846,40.485466155,-80.332446863,1.832594,3.00,0.75,
781,stripe,-1.962,-17.369,40.485470469,-80.332448372,1.832594,3.00,0.75,
782,stripe,-2.090,-16.892,40.485474783,-80.332449881,1.832594,3.00,0.75,
783,stripe,-2.217,-16.416,40.485479097,-80.332451391,1.832594,3.00,0.75,
784,stripe,-2.345,-15.939,40.485483411,-80.332452900,1.832594,3.00,0.75,
785,stripe,-2.473,-15.462,40.485487725,-80.332454409,1.832594,3.00,0.75,
786,stripe,-2.601,-14.985,40.485492040,-80.332455918,1.832594,3.00,0.75,
787,stripe,-2.729,-14.508,40.485496354,-80.332457427,1.832594,3.00,0.75,
788,stripe,-2.856,-14.031,40.485500668,-80.332458937,1.832594,3.00,0.75,
789,stripe,-2.984,-13.554,40.485504982,-80.332460446,1.832594,3.00,0.75,
790,stripe,-3.112,-13.077,40.485509296,-80.332461955,1.832594,3.00,0.75,
791,stripe,-3.240,-12.600,40.485513610,-80.332463464,1.832594,3.00,0.75,
792,stripe,-3.367,-12.124,40.485517924,-80.332464974,1.832594,3.00,0.75,
793,stripe,-3.495,-11.647,40.485522239,-80.332466483,1.832594,3.00,0.75,
794,stripe,-3.623,-11.170,40.485526553,-80.332467992,1.832594,3.00,0.75,
795,stripe,-3.751,-10.693,40.485530867,-80.332469501,1.832594,3.00,0.75,
796,stripe,-3.879,-10.216,40.485535181,-80.332471010,1.832594,3.00,0.75,
797,stripe,-4.006,-9.739,40.485539495,-80.332472520,1.832594,3.00,0.75,
798,stripe,-4.134,-9.262,40.485543809,-80.332474029,1.832594,3.00,0.75,
799,stripe,-4.262,-8.785,40.485548123,-80.332475538,1.832594,3.00,0.75,
800,stripe,-4.390,-8.308,40.485552438,-80.332477047,1.832594,3.00,0.75,
801,stripe,-4.518,-7.832,40.485556752,-80.332478557,1.832594,3.00,0.75,
802,stripe,-4.645,-7.355,40.485561066,-80.332480066,1.832594,3.00,0.75,
803,stripe,-4.773,-6.878,40.485565380,-80.332481575,1.701015,3.00,0.75,3.773
804,connector,-4.838,-6.383,40.485569852,-80.332482340,1.437857,1.50,0.50,1.900
805,connector,-4.772,-5.889,40.485574322,-80.332481559,1.174699,1.50,0.50,1.900
806,connector,-4.579,-5.429,40.485578483,-80.332479287,0.988195,1.50,0.50,1.900
807,connector,-4.465,-5.255,40.485580059,-80.332477932,1.064848,1.50,0.50,4.615
808,connector,-4.223,-4.819,40.485584004,-80.332475078,1.328006,1.50,0.50,1.900
809,connector,-4.103,-4.335,40.485588382,-80.332473662,1.591164,1.50,0.50,1.900
810,connector,-4.113,-3.837,40.485592892,-80.332473782,1.854322,1.50,0.50,1.900
811,connector,-4.253,-3.358,40.485597222,-80.332475429,2.117479,1.50,0.50,1.900
812,connector,-4.512,-2.932,40.485601075,-80.332478490,2.380637,1.50,0.50,1.900
813,connector,-4.873,-2.588,40.485604185,-80.332482755,2.643795,1.50,0.50,1.900
814,connector,-5.311,-2.350,40.485606339,-80.332487929,2.906953,1.50,0.50,1.900
815,connector,-5.796,-2.234,40.485607387,-80.332493656,3.170111,1.50,0.50,1.900
816,connector,-6.294,-2.249,40.485607259,-80.332499542,3.433269,1.50,0.50,1.900
817,connector,-6.772,-2.392,40.485605962,-80.332505182,3.696427,1.50,0.50,1.900
818,connector,-7.196,-2.655,40.485603586,-80.332510187,3.959585,1.50,0.50,1.900
819,connector,-7.536,-3.018,40.485600294,-80.332514213,4.222743,1.50,0.50,1.900
820,connector,-7.771,-3.458,40.485596314,-80.332516982,4.485901,1.50,0.50,1.900
821,connector,-7.883,-3.944,40.485591919,-80.332518304,4.749058,1.50,0.50,1.900
822,connector,-7.865,-4.442,40.485587412,-80.332518089,5.012216,1.50,0.50,1.900
823,connector,-7.717,-4.919,40.485583103,-80.332516349,5.275374,1.50,0.50,1.900
824,connector,-7.451,-5.340,40.485579289,-80.332513207,5.538532,1.50,0.50,1.900
825,connector,-7.085,-5.678,40.485576232,-80.332508877,5.761245,1.50,0.50,1.900
826,connector,-6.785,-5.851,40.485574672,-80.332505336,5.720800,1.50,0.50,10.440
827,connector,-6.363,-6.116,40.485572267,-80.332500354,5.457642,1.50,0.50,1.900
828,connector,-6.025,-6.483,40.485568953,-80.332496361,5.194484,1.50,0.50,1.900
829,connector,-5.794,-6.925,40.485564957,-80.332493631,5.018547,1.50,0.50,1.900
830,connector,-5.743,-7.085,40.485563503,-80.332493031,4.974188,1.50,0.50,7.496
831,stripe,-5.615,-7.565,40.485559165,-80.332491513,4.974188,3.00,0.75,
832,stripe,-5.486,-8.044,40.485554827,-80.332489996,4.974188,3.00,0.75,
833,stripe,-5.358,-8.524,40.485550489,-80.332488478,4.974188,3.00,0.75,
834,stripe,-5.229,-9.003,40.485546151,-80.332486961,4.974188,3.00,0.75,
835,stripe,-5.101,-9.483,40.485541813,-80.332485443,4.974188,3.00,0.75,
836,stripe,-4.972,-9.962,40.485537476,-80.332483926,4.974188,3.00,0.75,
837,stripe,-4.844,-10.442,40.485533138,-80.332482408,4.974188,3.00,0.75,
838,stripe,-4.715,-10.921,40.485528800,-80.332480891,4.974188,3.00,0.75,
839,stripe,-4.587,-11.401,40.485524462,-80.332479373,4.974188,3.00,0.75,
840,stripe,-4.458,-11.880,40.485520124,-80.332477856,4.974188,3.00,0.75,
841,stripe,-4.330,-12.360,40.485515786,-80.332476338,4.974188,3.00,0.75,
842,stripe,-4.201,-12.839,40.485511448,-80.332474821,4.974188,3.00,0.75,
843,stripe,-4.073,-13.319,40.485507110,-80.332473303,4.974188,3.00,0.75,
844,stripe,-3.944,-13.798,40.485502772,-80.332471785,4.974188,3.00,0.75,
845,stripe,-3.816,-14.278,40.485498434,-80.332470268,4.974188,3.00,0.75,
846,stripe,-3.687,-14.757,40.485494097,-80.332468750,4.974188,3.00,0.75,
847,stripe,-3.559,-15.237,40.485489759,-80.332467233,4.974188,3.00,0.75,
848,stripe,-3.430,-15.716,40.485485421,-80.332465715,4.974188,3.00,0.75,
849,stripe,-3.302,-16.196,40.485481083,-80.332464198,4.974188,3.00,0.75,
850,stripe,-3.173,-16.676,40.485476745,-80.332462680,4.974188,3.00,0.75,
851,stripe,-3.045,-17.155,40.485472407,-80.332461163,4.974188,3.00,0.75,
852,stripe,-2.916,-17.635,40.485468069,-80.332459645,4.974188,3.00,0.75,
853,stripe,-2.788,-18.114,40.485463731,-80.332458128,4.974188,3.00,0.75,
854,stripe,-2.659,-18.594,40.485459393,-80.332456610,4.974188,3.00,0.75,
855,stripe,-2.531,-19.073,40.485455055,-80.332455093,4.974188,3.00,0.75,
856,stripe,-2.402,-19.553,40.485450718,-80.332453575,4.974188,3.00,0.75,
857,stripe,-2.274,-20.032,40.485446380,-80.332452058,4.974188,3.00,0.75,
858,stripe,-2.145,-20.512,40.485442042,-80.332450540,4.974188,3.00,0.75,
859,stripe,-2.017,-20.991,40.485437704,-80.332449022,4.974188,3.00,0.75,
860,stripe,-1.888,-21.471,40.485433366,-80.332447505,4.974188,3.00,0.75,
861,stripe,-1.760,-21.950,40.485429028,-80.332445987,4.974188,3.00,0.75,
862,stripe,-1.632,-22.430,40.485424690,-80.332444470,4.974188,3.00,0.75,
863,stripe,-1.503,-22.909,40.485420352,-80.332442952,4.974188,3.00,0.75,
864,stripe,-1.375,-23.389,40.485416014,-80.332441435,4.974188,3.00,0.75,
865,stripe,-1.246,-23.868,40.485411676,-80.332439917,4.974188,3.00,0.75,
866,stripe,-1.118,-24.348,40.485407339,-80.332438400,4.974188,3.00,0.75,
867,stripe,-0.989,-24.827,40.485403001,-80.332436882,4.974188,3.00,0.75,
868,stripe,-0.861,-25.307,40.485398663,-80.332435365,4.974188,3.00,0.75,
869,stripe,-0.732,-25.786,40.485394325,-80.332433847,4.974188,3.00,0.75,
870,stripe,-0.604,-26.266,40.485389987,-80.332432330,4.974188,3.00,0.75,
871,stripe,-0.475,-26.745,40.485385649,-80.332430812,5.105767,3.00,0.75,3.784
872,connector,-0.284,-27.206,40.485381483,-80.332428555,5.368925,1.50,0.50,1.900
873,connector,0.020,-27.601,40.485377911,-80.332424961,5.632083,1.50,0.50,1.900
874,connector,0.417,-27.903,40.485375177,-80.332420277,5.819646,1.50,0.50,1.900
875,connector,0.607,-27.998,40.485374317,-80.332418030,5.744052,1.50,0.50,4.706
876,connector,1.035,-28.254,40.485372002,-80.332412977,5.480894,1.50,0.50,1.900
877,connector,1.381,-28.612,40.485368759,-80.332408884,5.217736,1.50,0.50,1.900
878,connector,1.623,-29.049,40.485364813,-80.332406034,4.954578,1.50,0.50,1.900
879,connector,1.742,-29.533,40.485360434,-80.332404621,4.691420,1.50,0.50,1.900
880,connector,1.732,-30.031,40.485355925,-80.332404745,4.428263,1.50,0.50,1.900
881,connector,1.592,-30.510,40.485351595,-80.332406396,4.165105,1.50,0.50,1.900
882,connector,1.333,-30.935,40.485347744,-80.332409460,3.901947,1.50,0.50,1.900
883,connector,0.971,-31.279,40.485344636,-80.332413727,3.638789,1.50,0.50,1.900
884,connector,0.533,-31.517,40.485342484,-80.332418902,3.375631,1.50,0.50,1.900
885,connector,0.048,-31.632,40.485341438,-80.332424630,3.112473,1.50,0.50,1.900
886,connector,-0.450,-31.618,40.485341570,-80.332430516,2.849315,1.50,0.50,1.900
887,connector,-0.928,-31.474,40.485342869,-80.332436155,2.586157,1.50,0.50,1.900
888,connector,-1.351,-31.211,40.485345248,-80.332441158,2.322999,1.50,0.50,1.900
889,connector,-1.692,-30.847,40.485348541,-80.332445181,2.059841,1.50,0.50,1.900
890,connector,-1.926,-30.407,40.485352522,-80.332447948,1.796684,1.50,0.50,1.900
891,connector,-2.038,-29.921,40.485356918,-80.332449267,1.533526,1.50,0.50,1.900
892,connector,-2.019,-29.423,40.485361425,-80.332449047,1.270368,1.50,0.50,1.900
893,connector,-1.872,-28.947,40.485365733,-80.332447305,1.047671,1.50,0.50,1.900
894,connector,-1.699,-28.647,40.485368443,-80.332445264,1.088133,1.50,0.50,10.435
895,connector,-1.467,-28.206,40.485372438,-80.332442531,1.351291,1.50,0.50,1.900
896,connector,-1.359,-27.719,40.485376840,-80.332441249,1.614448,1.50,0.50,1.900
897,connector,-1.381,-27.221,40.485381346,-80.332441506,1.789312,1.50,0.50,1.900
898,connector,-1.416,-27.060,40.485382798,-80.332441927,1.832596,1.50,0.50,7.666
899,stripe,-1.545,-26.578,40.485387160,-80.332443453,1.832596,3.00,0.75,
900,stripe,-1.675,-26.096,40.485391521,-80.332444979,1.832596,3.00,0.75,
901,stripe,-1.804,-25.614,40.485395883,-80.332446505,1.832596,3.00,0.75,
902,stripe,-1.933,-25.132,40.485400245,-80.332448030,1.832596,3.00,0.75,
903,stripe,-2.062,-24.650,40.485404606,-80.332449556,1.832596,3.00,0.75,
904,stripe,-2.191,-24.168,40.485408968,-80.332451082,1.832596,3.00,0.75,
905,stripe,-2.321,-23.685,40.485413330,-80.332452608,1.832596,3.00,0.75,
906,stripe,-2.450,-23.203,40.485417691,-80.332454134,1.832596,3.00,0.75,
907,stripe,-2.579,-22.721,40.485422053,-80.332455660,1.832596,3.00,0.75,
908,stripe,-2.708,-22.239,40.485426415,-80.332457186,1.832596,3.00,0.75,
909,stripe,-2.837,-21.757,40.485430776,-80.332458711,1.832596,3.00,0.75,
910,stripe,-2.966,-21.275,40.485435138,-80.332460237,1.832596,3.00,0.75,
911,stripe,-3.096,-20.793,40.485439500,-80.332461763,1.832596,3.00,0.75,
912,stripe,-3.225,-20.310,40.485443861,-80.332463289,1.832596,3.00,0.75,
913,stripe,-3.354,-19.828,40.485448223,-80.332464815,1.832596,3.00,0.75,
914,stripe,-3.483,-19.346,40.485452585,-80.332466341,1.832596,3.00,0.75,
915,stripe,-3.612,-18.864,40.485456946,-80.332467867,1.832596,3.00,0.75,
916,stripe,-3.742,-18.382,40.485461308,-80.332469392,1.832596,3.00,0.75,
917,stripe,-3.871,-17.900,40.485465670,-80.332470918,1.832596,3.00,0.75,
918,stripe,-4.000,-17.418,40.485470031,-80.332472444,1.832596,3.00,0.75,
919,stripe,-4.129,-16.936,40.485474393,-80.332473970,1.832596,3.00,0.75,
920,stripe,-4.258,-16.453,40.485478754,-80.332475496,1.832596,3.00,0.75,
921,stripe,-4.388,-15.971,40.485483116,-80.332477022,1.832596,3.00,0.75,
922,stripe,-4.517,-15.489,40.485487478,-80.332478547,1.832596,3.00,0.75,
923,stripe,-4.646,-15.007,40.485491839,-80.332480073,1.832596,3.00,0.75,
924,stripe,-4.775,-14.525,40.485496201,-80.332481599,1.832596,3.00,0.75,
925,stripe,-4.904,-14.043,40.485500563,-80.332483125,1.832596,3.00,0.75,
926,stripe,-5.034,-13.561,40.485504924,-80.332484651,1.832596,3.00,0.75,
927,stripe,-5.163,-13.078,40.485509286,-80.332486177,1.832596,3.00,0.75,
928,stripe,-5.292,-12.596,40.485513648,-80.332487703,1.832596,3.00,0.75,
929,stripe,-5.421,-12.114,40.485518009,-80.332489228,1.832596,3.00,0.75,
930,stripe,-5.550,-11.632,40.485522371,-80.332490754,1.832596,3.00,0.75,
931,stripe,-5.679,-11.150,40.485526733,-80.332492280,1.832596,3.00,0.75,
932,stripe,-5.809,-10.668,40.485531094,-80.332493806,1.832596,3.00,0.75,
933,stripe,-5.938,-10.186,40.485535456,-80.332495332,1.832596,3.00,0.75,
934,stripe,-6.067,-9.703,40.485539818,-80.332496858,1.832596,3.00,0.75,
935,stripe,-6.196,-9.221,40.485544179,-80.332498384,1.832596,3.00,0.75,
936,stripe,-6.325,-8.739,40.485548541,-80.332499909,1.832596,3.00,0.75,
937,stripe,-6.455,-8.257,40.485552903,-80.332501435,1.832596,3.00,0.75,
938,stripe,-6.584,-7.775,40.485557264,-80.332502961,1.832596,3.00,0.75,
939,stripe,-6.713,-7.293,40.485561626,-80.332504487,1.701017,3.00,0.75,3.794
940,connector,-6.778,-6.798,40.485566098,-80.332505252,1.437859,1.50,0.50,1.900
941,connector,-6.712,-6.304,40.485570568,-80.332504471,1.174702,1.50,0.50,1.900
942,connector,-6.519,-5.844,40.485574729,-80.332502199,0.988197,1.50,0.50,1.900
943,connector,-6.404,-5.670,40.485576305,-80.332500844,1.064850,1.50,0.50,4.615
944,connector,-6.163,-5.234,40.485580250,-80.332497990,1.328007,1.50,0.50,1.900
945,connector,-6.043,-4.750,40.485584628,-80.332496574,1.591165,1.50,0.50,1.900
946,connector,-6.053,-4.252,40.485589138,-80.332496694,1.854323,1.50,0.50,1.900
947,connector,-6.193,-3.773,40.485593468,-80.332498341,2.117481,1.50,0.50,1.900
948,connector,-6.452,-3.347,40.485597321,-80.332501403,2.380639,1.50,0.50,1.900
949,connector,-6.813,-3.003,40.485600431,-80.332505667,2.643797,1.50,0.50,1.900
950,connector,-7.251,-2.765,40.485602585,-80.332510841,2.906955,1.50,0.50,1.900
951,connector,-7.736,-2.649,40.485603633,-80.332516568,3.170113,1.50,0.50,1.900
952,connector,-8.234,-2.664,40.485603505,-80.332522454,3.433271,1.50,0.50,1.900
953,connector,-8.712,-2.807,40.485602208,-80.332528094,3.696428,1.50,0.50,1.900
954,connector,-9.135,-3.070,40.485599832,-80.332533099,3.959586,1.50,0.50,1.900
955,connector,-9.476,-3.433,40.485596540,-80.332537125,4.222744,1.50,0.50,1.900
956,connector,-9.711,-3.873,40.485592560,-80.332539894,4.485902,1.50,0.50,1.900
957,connector,-9.823,-4.359,40.485588165,-80.332541217,4.749060,1.50,0.50,1.900
958,connector,-9.804,-4.857,40.485583658,-80.332541001,5.012218,1.50,0.50,1.900
959,connector,-9.657,-5.334,40.485579349,-80.332539261,5.275376,1.50,0.50,1.900
960,connector,-9.391,-5.755,40.485575535,-80.332536119,5.538534,1.50,0.50,1.900
961,connector,-9.024,-6.093,40.485572478,-80.332531789,5.761247,1.50,0.50,1.900
962,connector,-8.725,-6.266,40.485570918,-80.332528248,5.720802,1.50,0.50,10.440
963,connector,-8.303,-6.531,40.485568513,-80.332523266,5.457644,1.50,0.50,1.900
964,connector,-7.965,-6.898,40.485565199,-80.332519273,5.194486,1.50,0.50,1.900
965,connector,-7.734,-7.340,40.485561203,-80.332516543,5.018549,1.50,0.50,1.900
966,connector,-7.683,-7.500,40.485559749,-80.332515943,4.974190,1.50,0.50,7.423
967,stripe,-7.556,-7.973,40.485555468,-80.332514445,4.974190,3.00,0.75,
968,stripe,-7.429,-8.447,40.485551187,-80.332512948,4.974190,3.00,0.75,
969,stripe,-7.302,-8.920,40.485546906,-80.332511450,4.974190,3.00,0.75,
970,stripe,-7.176,-9.393,40.485542625,-80.332509952,4.974190,3.00,0.75,
971,stripe,-7.049,-9.866,40.485538344,-80.332508455,4.974190,3.00,0.75,
972,stripe,-6.922,-10.340,40.485534063,-80.332506957,4.974190,3.00,0.75,
973,stripe,-6.795,-10.813,40.485529782,-80.332505459,4.974190,3.00,0.75,
974,stripe,-6.668,-11.286,40.485525501,-80.332503962,4.974190,3.00,0.75,
975,stripe,-6.542,-11.759,40.485521220,-80.332502464,4.974190,3.00,0.75,
976,stripe,-6.415,-12.232,40.485516939,-80.332500967,4.974190,3.00,0.75,
977,stripe,-6.288,-12.706,40.485512658,-80.332499469,4.974190,3.00,0.75,
978,stripe,-6.161,-13.179,40.485508377,-80.332497971,4.974190,3.00,0.75,
979,stripe,-6.034,-13.652,40.485504096,-80.332496474,4.974190,3.00,0.75,
980,stripe,-5.908,-14.125,40.485499815,-80.332494976,4.974190,3.00,0.75,
981,stripe,-5.781,-14.599,40.485495534,-80.332493478,4.974190,3.00,0.75,
982,stripe,-5.654,-15.072,40.485491253,-80.332491981,4.974190,3.00,0.75,
983,stripe,-5.527,-15.545,40.485486972,-80.332490483,4.974190,3.00,0.75,
984,stripe,-5.400,-16.018,40.485482691,-80.332488985,4.974190,3.00,0.75,
985,stripe,-5.274,-16.491,40.485478410,-80.332487488,4.974190,3.00,0.75,
986,stripe,-5.147,-16.965,40.485474129,-80.332485990,4.974190,3.00,0.75,
987,stripe,-5.020,-17.438,40.485469848,-80.332484493,4.974190,3.00,0.75,
988,stripe,-4.893,-17.911,40.485465567,-80.332482995,4.974190,3.00,0.75,
989,stripe,-4.766,-18.384,40.485461286,-80.332481497,4.974190,3.00,0.75,
990,stripe,-4.640,-18.858,40.485457005,-80.332480000,4.974190,3.00,0.75,
991,stripe,-4.513,-19.331,40.485452724,-80.332478502,4.974190,3.00,0.75,
992,stripe,-4.386,-19.804,40.485448443,-80.332477004,4.974190,3.00,0.75,
993,stripe,-4.259,-20.277,40.485444162,-80.332475507,4.974190,3.00,0.75,
994,stripe,-4.132,-20.750,40.485439881,-80.332474009,4.974190,3.00,0.75,
995,stripe,-4.006,-21.224,40.485435600,-80.332472511,4.974190,3.00,0.75,
996,stripe,-3.879,-21.697,40.485431319,-80.332471014,4.974190,3.00,0.75,
997,stripe,-3.752,-22.170,40.485427038,-80.332469516,4.974190,3.00,0.75,
998,stripe,-3.625,-22.643,40.485422757,-80.332468018,4.974190,3.00,0.75,
999,stripe,-3.498,-23.117,40.485418476,-80.332466521,4.974190,3.00,0.75,
1000,stripe,-3.372,-23.590,40.485414195,-80.332465023,4.974190,3.00,0.75,
1001,stripe,-3.245,-24.063,40.485409914,-80.332463526,4.974190,3.00,0.75,
1002,stripe,-3.118,-24.536,40.485405633,-80.332462028,4.974190,3.00,0.75,
1003,stripe,-2.991,-25.009,40.485401352,-80.332460530,4.974190,3.00,0.75,
1004,stripe,-2.864,-25.483,40.485397071,-80.332459033,4.974190,3.00,0.75,
1005,stripe,-2.738,-25.956,40.485392790,-80.332457535,4.974190,3.00,0.75,
1006,stripe,-2.611,-26.429,40.485388509,-80.332456037,4.974190,3.00,0.75,
1007,stripe,-2.484,-26.902,40.485384228,-80.332454540,4.974190,3.00,0.75,
1008,stripe,-2.357,-27.376,40.485379947,-80.332453042,5.105769,3.00,0.75,3.759
1009,connector,-2.166,-27.836,40.485375781,-80.332450785,5.368927,1.50,0.50,1.900
1010,connector,-1.862,-28.231,40.485372209,-80.332447191,5.632085,1.50,0.50,1.900
1011,connector,-1.465,-28.533,40.485369475,-80.332442507,5.819646,1.50,0.50,1.900
1012,connector,-1.275,-28.628,40.485368615,-80.332440261,5.744050,1.50,0.50,4.705
1013,connector,-0.847,-28.884,40.485366300,-80.332435207,5.480892,1.50,0.50,1.900
1014,connector,-0.501,-29.243,40.485363057,-80.332431114,5.217734,1.50,0.50,1.900
1015,connector,-0.259,-29.679,40.485359111,-80.332428264,4.954576,1.50,0.50,1.900
1016,connector,-0.140,-30.163,40.485354732,-80.332426852,4.691418,1.50,0.50,1.900
1017,connector,-0.150,-30.661,40.485350223,-80.332426975,4.428261,1.50,0.50,1.900
1018,connector,-0.290,-31.140,40.485345893,-80.332428626,4.165103,1.50,0.50,1.900
1019,connector,-0.549,-31.566,40.485342042,-80.332431690,3.901945,1.50,0.50,1.900
1020,connector,-0.911,-31.909,40.485338934,-80.332435957,3.638787,1.50,0.50,1.900
1021,connector,-1.349,-32.147,40.485336782,-80.332441132,3.375629,1.50,0.50,1.900
1022,connector,-1.834,-32.263,40.485335737,-80.332446860,3.112471,1.50,0.50,1.900
1023,connector,-2.332,-32.248,40.485335868,-80.332452746,2.849313,1.50,0.50,1.900
1024,connector,-2.810,-32.104,40.485337167,-80.332458385,2.586155,1.50,0.50,1.900
1025,connector,-3.233,-31.842,40.485339546,-80.332463388,2.322997,1.50,0.50,1.900
1026,connector,-3.574,-31.477,40.485342839,-80.332467412,2.059840,1.50,0.50,1.900
1027,connector,-3.808,-31.037,40.485346821,-80.332470178,1.796682,1.50,0.50,1.900
1028,connector,-3.920,-30.551,40.485351216,-80.332471497,1.533524,1.50,0.50,1.900
1029,connector,-3.901,-30.053,40.485355723,-80.332471277,1.270366,1.50,0.50,1.900
1030,connector,-3.754,-29.577,40.485360031,-80.332469535,1.047688,1.50,0.50,1.900
1031,connector,-3.581,-29.278,40.485362741,-80.332467495,1.088169,1.50,0.50,10.429
1032,connector,-3.350,-28.836,40.485366736,-80.332464762,1.351326,1.50,0.50,1.900
1033,connector,-3.241,-28.349,40.485371138,-80.332463480,1.614484,1.50,0.50,1.900
1034,connector,-3.263,-27.851,40.485375644,-80.332463737,1.789328,1.50,0.50,1.900
1035,connector,-3.298,-27.691,40.485377095,-80.332464158,1.832593,1.50,0.50,7.593
1036,stripe,-3.426,-27.215,40.485381399,-80.332465664,1.832593,3.00,0.75,
1037,stripe,-3.553,-26.739,40.485385703,-80.332467169,1.832593,3.00,0.75,
1038,stripe,-3.681,-26.263,40.485390008,-80.332468675,1.832593,3.00,0.75,
1039,stripe,-3.808,-25.788,40.485394312,-80.332470181,1.832593,3.00,0.75,
1040,stripe,-3.936,-25.312,40.485398616,-80.332471687,1.832593,3.00,0.75,
1041,stripe,-4.063,-24.836,40.485402920,-80.332473192,1.832593,3.00,0.75,
1042,stripe,-4.191,-24.360,40.485407224,-80.332474698,1.832593,3.00,0.75,
1043,stripe,-4.318,-23.885,40.485411529,-80.332476204,1.832593,3.00,0.75,
1044,stripe,-4.446,-23.409,40.485415833,-80.332477710,1.832593,3.00,0.75,
1045,stripe,-4.573,-22.933,40.485420137,-80.332479215,1.832593,3.00,0.75,
1046,stripe,-4.701,-22.457,40.485424441,-80.332480721,1.832593,3.00,0.75,
1047,stripe,-4.828,-21.981,40.485428746,-80.332482227,1.832593,3.00,0.75,
1048,stripe,-4.956,-21.506,40.485433050,-80.332483733,1.832593,3.00,0.75,
1049,stripe,-5.083,-21.030,40.485437354,-80.332485238,1.832593,3.00,0.75,
1050,stripe,-5.211,-20.554,40.485441658,-80.332486744,1.832593,3.00,0.75,
1051,stripe,-5.338,-20.078,40.485445962,-80.332488250,1.832593,3.00,0.75,
1052,stripe,-5.466,-19.602,40.485450267,-80.332489756,1.832593,3.00,0.75,
1053,stripe,-5.593,-19.127,40.485454571,-80.332491261,1.832593,3.00,0.75,
1054,stripe,-5.721,-18.651,40.485458875,-80.332492767,1.832593,3.00,0.75,
1055,stripe,-5.848,-18.175,40.485463179,-80.332494273,1.832593,3.00,0.75,
1056,stripe,-5.976,-17.699,40.485467484,-80.332495779,1.832593,3.00,0.75,
1057,stripe,-6.103,-17.223,40.485471788,-80.332497284,1.832593,3.00,0.75,
1058,stripe,-6.231,-16.748,40.485476092,-80.332498790,1.832593,3.00,0.75,
1059,stripe,-6.358,-16.272,40.485480396,-80.332500296,1.832593,3.00,0.75,
1060,stripe,-6.486,-15.796,40.485484700,-80.332501801,1.832593,3.00,0.75,
1061,stripe,-6.613,-15.320,40.485489005,-80.332503307,1.832593,3.00,0.75,
1062,stripe,-6.741,-14.845,40.485493309,-80.332504813,1.832593,3.00,0.75,
1063,stripe,-6.868,-14.369,40.485497613,-80.332506319,1.832593,3.00,0.75,
1064,stripe,-6.996,-13.893,40.485501917,-80.332507824,1.832593,3.00,0.75,
1065,stripe,-7.123,-13.417,40.485506221,-80.332509330,1.832593,3.00,0.75,
1066,stripe,-7.250,-12.941,40.485510526,-80.332510836,1.832593,3.00,0.75,
1067,stripe,-7.378,-12.466,40.485514830,-80.332512342,1.832593,3.00,0.75,
1068,stripe,-7.505,-11.990,40.485519134,-80.332513847,1.832593,3.00,0.75,
1069,stripe,-7.633,-11.514,40.485523438,-80.332515353,1.832593,3.00,0.75,
1070,stripe,-7.760,-11.038,40.485527742,-80.332516859,1.832593,3.00,0.75,
1071,stripe,-7.888,-10.562,40.485532047,-80.332518365,1.832593,3.00,0.75,
1072,stripe,-8.015,-10.087,40.485536351,-80.332519870,1.832593,3.00,0.75,
1073,stripe,-8.143,-9.611,40.485540655,-80.332521376,1.832593,3.00,0.75,
1074,stripe,-8.270,-9.135,40.485544959,-80.332522882,1.832593,3.00,0.75,
1075,stripe,-8.398,-8.659,40.485549264,-80.332524388,1.832593,3.00,0.75,
1076,stripe,-8.525,-8.184,40.485553568,-80.332525893,1.832593,3.00,0.75,
1077,stripe,-8.653,-7.708,40.485557872,-80.332527399,1.701014,3.00,0.75,3.769
1078,connector,-8.718,-7.213,40.485562344,-80.332528164,1.437856,1.50,0.50,1.900
1079,connector,-8.651,-6.719,40.485566814,-80.332527383,1.174698,1.50,0.50,1.900
1080,connector,-8.459,-6.259,40.485570975,-80.332525111,0.988194,1.50,0.50,1.900
1081,connector,-8.344,-6.085,40.485572551,-80.332523756,1.064847,1.50,0.50,4.614
1082,connector,-8.103,-5.649,40.485576496,-80.332520902,1.328005,1.50,0.50,1.900
1083,connector,-7.983,-5.165,40.485580874,-80.332519486,1.591163,1.50,0.50,1.900
1084,connector,-7.993,-4.667,40.485585384,-80.332519606,1.854321,1.50,0.50,1.900
1085,connector,-8.132,-4.188,40.485589714,-80.332521253,2.117479,1.50,0.50,1.900
1086,connector,-8.392,-3.762,40.485593567,-80.332524314,2.380636,1.50,0.50,1.900
1087,connector,-8.753,-3.418,40.485596677,-80.332528579,2.643794,1.50,0.50,1.900
1088,connector,-9.191,-3.180,40.485598831,-80.332533753,2.906952,1.50,0.50,1.900
1089,connector,-9.676,-3.064,40.485599879,-80.332539480,3.170110,1.50,0.50,1.900
1090,connector,-10.174,-3.078,40.485599751,-80.332545366,3.433268,1.50,0.50,1.900
1091,connector,-10.652,-3.222,40.485598454,-80.332551006,3.696426,1.50,0.50,1.900
1092,connector,-11.075,-3.484,40.485596078,-80.332556011,3.959584,1.50,0.50,1.900
1093,connector,-11.416,-3.848,40.485592786,-80.332560037,4.222742,1.50,0.50,1.900
1094,connector,-11.651,-4.288,40.485588806,-80.332562806,4.485900,1.50,0.50,1.900
1095,connector,-11.763,-4.774,40.485584411,-80.332564128,4.749057,1.50,0.50,1.900
1096,connector,-11.744,-5.272,40.485579904,-80.332563913,5.012215,1.50,0.50,1.900
1097,connector,-11.597,-5.749,40.485575595,-80.332562173,5.275373,1.50,0.50,1.900
1098,connector,-11.331,-6.170,40.485571781,-80.332559031,5.538531,1.50,0.50,1.900
1099,connector,-10.964,-6.508,40.485568724,-80.332554701,5.761244,1.50,0.50,1.900
1100,connector,-10.665,-6.681,40.485567164,-80.332551160,5.720799,1.50,0.50,10.440
1101,connector,-10.243,-6.946,40.485564759,-80.332546178,5.457641,1.50,0.50,1.900
1102,connector,-9.905,-7.313,40.485561445,-80.332542185,5.194483,1.50,0.50,1.900
1103,connector,-9.674,-7.755,40.485557449,-80.332539455,5.018546,1.50,0.50,1.900
1104,connector,-9.623,-7.915,40.485555995,-80.332538855,4.974187,1.50,0.50,7.482
1105,stripe,-9.495,-8.394,40.485551668,-80.332537341,4.974187,3.00,0.75,
1106,stripe,-9.366,-8.872,40.485547340,-80.332535827,4.974187,3.00,0.75,
1107,stripe,-9.238,-9.350,40.485543013,-80.332534313,4.974187,3.00,0.75,
1108,stripe,-9.110,-9.829,40.485538685,-80.332532800,4.974187,3.00,0.75,
1109,stripe,-8.982,-10.307,40.485534358,-80.332531286,4.974187,3.00,0.75,
1110,stripe,-8.854,-10.785,40.485530031,-80.332529772,4.974187,3.00,0.75,
1111,stripe,-8.726,-11.264,40.485525703,-80.332528258,4.974187,3.00,0.75,
1112,stripe,-8.597,-11.742,40.485521376,-80.332526744,4.974187,3.00,0.75,
1113,stripe,-8.469,-12.220,40.485517048,-80.332525230,4.974187,3.00,0.75,
1114,stripe,-8.341,-12.699,40.485512721,-80.332523716,4.974187,3.00,0.75,
1115,stripe,-8.213,-13.177,40.485508394,-80.332522203,4.974187,3.00,0.75,
1116,stripe,-8.085,-13.655,40.485504066,-80.332520689,4.974187,3.00,0.75,
1117,stripe,-7.957,-14.134,40.485499739,-80.332519175,4.974187,3.00,0.75,
1118,stripe,-7.828,-14.612,40.485495411,-80.332517661,4.974187,3.00,0.75,
1119,stripe,-7.700,-15.090,40.485491084,-80.332516147,4.974187,3.00,0.75,
1120,stripe,-7.572,-15.569,40.485486757,-80.332514633,4.974187,3.00,0.75,
1121,stripe,-7.444,-16.047,40.485482429,-80.332513119,4.974187,3.00,0.75,
1122,stripe,-7.316,-16.526,40.485478102,-80.332511606,4.974187,3.00,0.75,
1123,stripe,-7.187,-17.004,40.485473774,-80.332510092,4.974187,3.00,0.75,
1124,stripe,-7.059,-17.482,40.485469447,-80.332508578,4.974187,3.00,0.75,
1125,stripe,-6.931,-17.961,40.485465119,-80.332507064,4.974187,3.00,0.75,
1126,stripe,-6.803,-18.439,40.485460792,-80.332505550,4.974187,3.00,0.75,
1127,stripe,-6.675,-18.917,40.485456465,-80.332504036,4.974187,3.00,0.75,
1128,stripe,-6.547,-19.396,40.485452137,-80.332502522,4.974187,3.00,0.75,
1129,stripe,-6.418,-19.874,40.485447810,-80.332501009,4.974187,3.00,0.75,
1130,stripe,-6.290,-20.352,40.485443482,-80.332499495,4.974187,3.00,0.75,
1131,stripe,-6.162,-20.831,40.485439155,-80.332497981,4.974187,3.00,0.75,
1132,stripe,-6.034,-21.309,40.485434828,-80.332496467,4.974187,3.00,0.75,
1133,stripe,-5.906,-21.787,40.485430500,-80.332494953,4.974187,3.00,0.75,
1134,stripe,-5.778,-22.266,40.485426173,-80.332493439,4.974187,3.00,0.75,
1135,stripe,-5.649,-22.744,40.485421845,-80.332491925,4.974187,3.00,0.75,
1136,stripe,-5.521,-23.222,40.485417518,-80.332490412,4.974187,3.00,0.75,
1137,stripe,-5.393,-23.701,40.485413191,-80.332488898,4.974187,3.00,0.75,
1138,stripe,-5.265,-24.179,40.485408863,-80.332487384,4.974187,3.00,0.75,
1139,stripe,-5.137,-24.658,40.485404536,-80.332485870,4.974187,3.00,0.75,
1140,stripe,-5.009,-25.136,40.485400208,-80.332484356,4.974187,3.00,0.75,
1141,stripe,-4.880,-25.614,40.485395881,-80.332482842,4.974187,3.00,0.75,
1142,stripe,-4.752,-26.093,40.485391554,-80.332481328,4.974187,3.00,0.75,
1143,stripe,-4.624,-26.571,40.485387226,-80.332479815,4.974187,3.00,0.75,
1144,stripe,-4.496,-27.049,40.485382899,-80.332478301,4.974187,3.00,0.75,
1145,stripe,-4.368,-27.528,40.485378571,-80.332476787,4.974187,3.00,0.75,
1146,stripe,-4.240,-28.006,40.485374244,-80.332475273,5.105766,3.00,0.75,3.779
1147,connector,-4.048,-28.466,40.485370078,-80.332473016,5.368924,1.50,0.50,1.900
1148,connector,-3.744,-28.861,40.485366506,-80.332469422,5.632081,1.50,0.50,1.900
1149,connector,-3.348,-29.164,40.485363772,-80.332464738,5.819645,1.50,0.50,1.900
1150,connector,-3.157,-29.259,40.485362912,-80.332462492,5.744051,1.50,0.50,4.706
1151,connector,-2.730,-29.515,40.485360597,-80.332457438,5.480893,1.50,0.50,1.900
1152,connector,-2.383,-29.873,40.485357354,-80.332453345,5.217735,1.50,0.50,1.900
1153,connector,-2.142,-30.309,40.485353408,-80.332450495,4.954577,1.50,0.50,1.900
1154,connector,-2.022,-30.793,40.485349029,-80.332449083,4.691420,1.50,0.50,1.900
1155,connector,-2.033,-31.292,40.485344520,-80.332449206,4.428262,1.50,0.50,1.900
1156,connector,-2.172,-31.770,40.485340190,-80.332450857,4.165104,1.50,0.50,1.900
1157,connector,-2.432,-32.196,40.485336339,-80.332453921,3.901946,1.50,0.50,1.900
1158,connector,-2.793,-32.540,40.485333231,-80.332458188,3.638788,1.50,0.50,1.900
1159,connector,-3.231,-32.777,40.485331079,-80.332463363,3.375630,1.50,0.50,1.900
1160,connector,-3.716,-32.893,40.485330033,-80.332469091,3.112472,1.50,0.50,1.900
1161,connector,-4.214,-32.878,40.485330165,-80.332474977,2.849314,1.50,0.50,1.900
1162,connector,-4.692,-32.735,40.485331464,-80.332480616,2.586156,1.50,0.50,1.900
1163,connector,-5.115,-32.472,40.485333843,-80.332485619,2.322998,1.50,0.50,1.900
1164,connector,-5.456,-32.108,40.485337136,-80.332489642,2.059841,1.50,0.50,1.900
1165,connector,-5.690,-31.668,40.485341117,-80.332492409,1.796683,1.50,0.50,1.900
1166,connector,-5.802,-31.182,40.485345513,-80.332493728,1.533525,1.50,0.50,1.900
1167,connector,-5.783,-30.684,40.485350020,-80.332493508,1.270367,1.50,0.50,1.900
1168,connector,-5.636,-30.207,40.485354328,-80.332491766,1.047670,1.50,0.50,1.900
1169,connector,-5.463,-29.908,40.485357038,-80.332489725,1.088132,1.50,0.50,10.435
1170,connector,-5.232,-29.466,40.485361033,-80.332486992,1.351290,1.50,0.50,1.900
1171,connector,-5.123,-28.980,40.485365435,-80.332485710,1.614448,1.50,0.50,1.900
1172,connector,-5.145,-28.482,40.485369941,-80.332485967,1.789311,1.50,0.50,1.900
1173,connector,-5.181,-28.321,40.485371393,-80.332486388,1.832595,1.50,0.50,7.652
1174,stripe,-5.309,-27.840,40.485375744,-80.332487910,1.832595,3.00,0.75,
1175,stripe,-5.438,-27.359,40.485380094,-80.332489432,1.832595,3.00,0.75,
1176,stripe,-5.567,-26.878,40.485384445,-80.332490954,1.832595,3.00,0.75,
1177,stripe,-5.696,-26.397,40.485388795,-80.332492476,1.832595,3.00,0.75,
1178,stripe,-5.825,-25.917,40.485393146,-80.332493998,1.832595,3.00,0.75,
1179,stripe,-5.954,-25.436,40.485397497,-80.332495520,1.832595,3.00,0.75,
1180,stripe,-6.083,-24.955,40.485401847,-80.332497042,1.832595,3.00,0.75,
1181,stripe,-6.211,-24.474,40.485406198,-80.332498564,1.832595,3.00,0.75,
1182,stripe,-6.340,-23.993,40.485410548,-80.332500086,1.832595,3.00,0.75,
1183,stripe,-6.469,-23.512,40.485414899,-80.332501608,1.832595,3.00,0.75,
1184,stripe,-6.598,-23.031,40.485419250,-80.332503130,1.832595,3.00,0.75,
1185,stripe,-6.727,-22.550,40.485423600,-80.332504652,1.832595,3.00,0.75,
1186,stripe,-6.856,-22.069,40.485427951,-80.332506174,1.832595,3.00,0.75,
1187,stripe,-6.985,-21.588,40.485432301,-80.332507696,1.832595,3.00,0.75,
1188,stripe,-7.113,-21.107,40.485436652,-80.332509218,1.832595,3.00,0.75,
1189,stripe,-7.242,-20.626,40.485441003,-80.332510740,1.832595,3.00,0.75,
1190,stripe,-7.371,-20.146,40.485445353,-80.332512262,1.832595,3.00,0.75,
1191,stripe,-7.500,-19.665,40.485449704,-80.332513784,1.832595,3.00,0.75,
1192,stripe,-7.629,-19.184,40.485454054,-80.332515306,1.832595,3.00,0.75,
1193,stripe,-7.758,-18.703,40.485458405,-80.332516828,1.832595,3.00,0.75,
1194,stripe,-7.887,-18.222,40.485462756,-80.332518350,1.832595,3.00,0.75,
1195,stripe,-8.016,-17.741,40.485467106,-80.332519871,1.832595,3.00,0.75,
1196,stripe,-8.144,-17.260,40.485471457,-80.332521393,1.832595,3.00,0.75,
1197,stripe,-8.273,-16.779,40.485475807,-80.332522915,1.832595,3.00,0.75,
1198,stripe,-8.402,-16.298,40.485480158,-80.332524437,1.832595,3.00,0.75,
1199,stripe,-8.531,-15.817,40.485484508,-80.332525959,1.832595,3.00,0.75,
1200,stripe,-8.660,-15.336,40.485488859,-80.332527481,1.832595,3.00,0.75,
1201,stripe,-8.789,-14.856,40.485493210,-80.332529003,1.832595,3.00,0.75,
1202,stripe,-8.918,-14.375,40.485497560,-80.332530525,1.832595,3.00,0.75,
1203,stripe,-9.046,-13.894,40.485501911,-80.332532047,1.832595,3.00,0.75,
1204,stripe,-9.175,-13.413,40.485506261,-80.332533569,1.832595,3.00,0.75,
1205,stripe,-9.304,-12.932,40.485510612,-80.332535091,1.832595,3.00,0.75,
1206,stripe,-9.433,-12.451,40.485514963,-80.332536613,1.832595,3.00,0.75,
1207,stripe,-9.562,-11.970,40.485519313,-80.332538135,1.832595,3.00,0.75,
1208,stripe,-9.691,-11.489,40.485523664,-80.332539657,1.832595,3.00,0.75,
1209,stripe,-9.820,-11.008,40.485528014,-80.332541179,1.832595,3.00,0.75,
1210,stripe,-9.948,-10.527,40.485532365,-80.332542701,1.832595,3.00,0.75,
1211,stripe,-10.077,-10.046,40.485536716,-80.332544223,1.832595,3.00,0.75,
1212,stripe,-10.206,-9.565,40.485541066,-80.332545745,1.832595,3.00,0.75,
1213,stripe,-10.335,-9.085,40.485545417,-80.332547267,1.832595,3.00,0.75,
1214,stripe,-10.464,-8.604,40.485549767,-80.332548789,1.832595,3.00,0.75,
1215,stripe,-10.593,-8.123,40.485554118,-80.332550311,1.701016,3.00,0.75,3.789
1216,connector,-10.657,-7.628,40.485558590,-80.332551076,1.437858,1.50,0.50,1.900
1217,connector,-10.591,-7.134,40.485563060,-80.332550295,1.174700,1.50,0.50,1.900
1218,connector,-10.399,-6.674,40.485567221,-80.332548023,0.988200,1.50,0.50,1.900
1219,connector,-10.284,-6.500,40.485568797,-80.332546668,1.064858,1.50,0.50,4.614
1220,connector,-10.043,-6.064,40.485572742,-80.332543814,1.328016,1.50,0.50,1.900
1221,connector,-9.923,-5.580,40.485577120,-80.332542398,1.591174,1.50,0.50,1.900
1222,connector,-9.933,-5.082,40.485581630,-80.332542518,1.854332,1.50,0.50,1.900
1223,connector,-10.072,-4.603,40.485585960,-80.332544166,2.117490,1.50,0.50,1.900
1224,connector,-10.332,-4.177,40.485589813,-80.332547227,2.380648,1.50,0.50,1.900
1225,connector,-10.693,-3.833,40.485592923,-80.332551491,2.643805,1.50,0.50,1.900
1226,connector,-11.131,-3.595,40.485595076,-80.332556665,2.906963,1.50,0.50,1.900
1227,connector,-11.616,-3.479,40.485596125,-80.332562392,3.170121,1.50,0.50,1.900
1228,connector,-12.114,-3.493,40.485595996,-80.332568278,3.433279,1.50,0.50,1.900
1229,connector,-12.591,-3.637,40.485594699,-80.332573918,3.696437,1.50,0.50,1.900
1230,connector,-13.015,-3.899,40.485592323,-80.332578923,3.959595,1.50,0.50,1.900
1231,connector,-13.356,-4.263,40.485589032,-80.332582949,4.222753,1.50,0.50,1.900
1232,connector,-13.591,-4.703,40.485585051,-80.332585719,4.485911,1.50,0.50,1.900
1233,connector,-13.702,-5.189,40.485580656,-80.332587041,4.749069,1.50,0.50,1.900
1234,connector,-13.684,-5.687,40.485576149,-80.332586825,5.012227,1.50,0.50,1.900
1235,connector,-13.537,-6.164,40.485571840,-80.332585086,5.275384,1.50,0.50,1.900
1236,connector,-13.271,-6.585,40.485568026,-80.332581943,5.538542,1.50,0.50,1.900
1237,connector,-12.904,-6.923,40.485564970,-80.332577613,5.761241,1.50,0.50,1.900
1238,connector,-12.605,-7.096,40.485563410,-80.332574073,5.720783,1.50,0.50,10.435
1239,connector,-12.183,-7.361,40.485561005,-80.332569091,5.457625,1.50,0.50,1.900
1240,connector,-11.845,-7.728,40.485557690,-80.332565098,5.194467,1.50,0.50,1.900
1241,connector,-11.614,-8.170,40.485553694,-80.332562368,5.018538,1.50,0.50,1.900
1242,connector,-11.563,-8.330,40.485552241,-80.332561768,4.974189,1.50,0.50,7.412
1243,stripe,-11.436,-8.802,40.485547969,-80.332560273,4.974189,3.00,0.75,
1244,stripe,-11.310,-9.275,40.485543697,-80.332558779,4.974189,3.00,0.75,
1245,stripe,-11.183,-9.747,40.485539425,-80.332557284,4.974189,3.00,0.75,
1246,stripe,-11.057,-10.219,40.485535153,-80.332555790,4.974189,3.00,0.75,
1247,stripe,-10.930,-10.691,40.485530881,-80.332554295,4.974189,3.00,0.75,
1248,stripe,-10.804,-11.164,40.485526609,-80.332552801,4.974189,3.00,0.75,
1249,stripe,-10.677,-11.636,40.485522337,-80.332551306,4.974189,3.00,0.75,
1250,stripe,-10.550,-12.108,40.485518064,-80.332549812,4.974189,3.00,0.75,
1251,stripe,-10.424,-12.580,40.485513792,-80.332548317,4.974189,3.00,0.75,
1252,stripe,-10.297,-13.053,40.485509520,-80.332546823,4.974189,3.00,0.75,
1253,stripe,-10.171,-13.525,40.485505248,-80.332545328,4.974189,3.00,0.75,
1254,stripe,-10.044,-13.997,40.485500976,-80.332543834,4.974189,3.00,0.75,
1255,stripe,-9.918,-14.469,40.485496704,-80.332542339,4.974189,3.00,0.75,
1256,stripe,-9.791,-14.941,40.485492432,-80.332540845,4.974189,3.00,0.75,
1257,stripe,-9.665,-15.414,40.485488160,-80.332539350,4.974189,3.00,0.75,
1258,stripe,-9.538,-15.886,40.485483888,-80.332537856,4.974189,3.00,0.75,
1259,stripe,-9.412,-16.358,40.485479616,-80.332536361,4.974189,3.00,0.75,
1260,stripe,-9.285,-16.830,40.485475344,-80.332534867,4.974189,3.00,0.75,
1261,stripe,-9.159,-17.303,40.485471072,-80.332533372,4.974189,3.00,0.75,
1262,stripe,-9.032,-17.775,40.485466800,-80.332531878,4.974189,3.00,0.75,
1263,stripe,-8.906,-18.247,40.485462528,-80.332530383,4.974189,3.00,0.75,
1264,stripe,-8.779,-18.719,40.485458255,-80.332528889,4.974189,3.00,0.75,
1265,stripe,-8.652,-19.192,40.485453983,-80.332527394,4.974189,3.00,0.75,
1266,stripe,-8.526,-19.664,40.485449711,-80.332525900,4.974189,3.00,0.75,
1267,stripe,-8.399,-20.136,40.485445439,-80.332524405,4.974189,3.00,0.75,
1268,stripe,-8.273,-20.608,40.485441167,-80.332522911,4.974189,3.00,0.75,
1269,stripe,-8.146,-21.081,40.485436895,-80.332521416,4.974189,3.00,0.75,
1270,stripe,-8.020,-21.553,40.485432623,-80.332519922,4.974189,3.00,0.75,
1271,stripe,-7.893,-22.025,40.485428351,-80.332518427,4.974189,3.00,0.75,
1272,stripe,-7.767,-22.497,40.485424079,-80.332516933,4.974189,3.00,0.75,
1273,stripe,-7.640,-22.969,40.485419807,-80.332515438,4.974189,3.00,0.75,
1274,stripe,-7.514,-23.442,40.485415535,-80.332513944,4.974189,3.00,0.75,
1275,stripe,-7.387,-23.914,40.485411263,-80.332512449,4.974189,3.00,0.75,
1276,stripe,-7.261,-24.386,40.485406991,-80.332510955,4.974189,3.00,0.75,
1277,stripe,-7.134,-24.858,40.485402719,-80.332509460,4.974189,3.00,0.75,
1278,stripe,-7.007,-25.331,40.485398446,-80.332507966,4.974189,3.00,0.75,
1279,stripe,-6.881,-25.803,40.485394174,-80.332506471,4.974189,3.00,0.75,
1280,stripe,-6.754,-26.275,40.485389902,-80.332504977,4.974189,3.00,0.75,
1281,stripe,-6.628,-26.747,40.485385630,-80.332503482,4.974189,3.00,0.75,
1282,stripe,-6.501,-27.220,40.485381358,-80.332501988,4.974189,3.00,0.75,
1283,stripe,-6.375,-27.692,40.485377086,-80.332500493,4.974189,3.00,0.75,
1284,stripe,-6.248,-28.164,40.485372814,-80.332498999,4.974189,3.00,0.75,
1285,stripe,-6.122,-28.636,40.485368542,-80.332497504,5.105768,3.00,0.75,3.755
1286,connector,-5.931,-29.097,40.485364376,-80.332495247,5.368926,1.50,0.50,1.900
1287,connector,-5.626,-29.492,40.485360804,-80.332491653,5.632084,1.50,0.50,1.900
1288,connector,-5.230,-29.794,40.485358070,-80.332486969,5.819655,1.50,0.50,1.900
1289,connector,-5.040,-29.889,40.485357210,-80.332484722,5.744069,1.50,0.50,4.706
1290,connector,-4.612,-30.145,40.485354895,-80.332479669,5.480911,1.50,0.50,1.900
1291,connector,-4.265,-30.503,40.485351652,-80.332475576,5.217754,1.50,0.50,1.900
1292,connector,-4.024,-30.940,40.485347706,-80.332472725,4.954596,1.50,0.50,1.900
1293,connector,-3.904,-31.424,40.485343327,-80.332471313,4.691438,1.50,0.50,1.900
1294,connector,-3.915,-31.922,40.485338818,-80.332471436,4.428280,1.50,0.50,1.900
1295,connector,-4.054,-32.401,40.485334488,-80.332473087,4.165122,1.50,0.50,1.900
1296,connector,-4.314,-32.826,40.485330637,-80.332476151,3.901964,1.50,0.50,1.900
1297,connector,-4.675,-33.170,40.485327529,-80.332480418,3.638806,1.50,0.50,1.900
1298,connector,-5.113,-33.408,40.485325377,-80.332485593,3.375648,1.50,0.50,1.900
1299,connector,-5.598,-33.523,40.485324331,-80.332491321,3.112490,1.50,0.50,1.900
1300,connector,-6.097,-33.509,40.485324463,-80.332497207,2.849332,1.50,0.50,1.900
1301,connector,-6.574,-33.365,40.485325762,-80.332502846,2.586175,1.50,0.50,1.900
1302,connector,-6.998,-33.102,40.485328140,-80.332507849,2.323017,1.50,0.50,1.900
1303,connector,-7.338,-32.738,40.485331433,-80.332511872,2.059859,1.50,0.50,1.900
1304,connector,-7.572,-32.298,40.485335415,-80.332514639,1.796701,1.50,0.50,1.900
1305,connector,-7.684,-31.812,40.485339811,-80.332515958,1.533543,1.50,0.50,1.900
1306,connector,-7.666,-31.314,40.485344318,-80.332515739,1.270385,1.50,0.50,1.900
1307,connector,-7.518,-30.838,40.485348626,-80.332513996,1.047694,1.50,0.50,1.900
1308,connector,-7.345,-30.538,40.485351335,-80.332511956,1.088160,1.50,0.50,10.433
1309,connector,-7.114,-30.097,40.485355330,-80.332509223,1.351318,1.50,0.50,1.900
1310,connector,-7.005,-29.610,40.485359732,-80.332507941,1.614476,1.50,0.50,1.900
1311,connector,-7.027,-29.112,40.485364238,-80.332508198,1.789325,1.50,0.50,1.900
1312,connector,-7.063,-28.952,40.485365690,-80.332508619,1.832596,1.50,0.50,7.580
1313,stripe,-7.190,-28.477,40.485369985,-80.332510121,1.832596,3.00,0.75,
1314,stripe,-7.317,-28.002,40.485374279,-80.332511624,1.832596,3.00,0.75,
1315,stripe,-7.444,-27.527,40.485378574,-80.332513126,1.832596,3.00,0.75,
1316,stripe,-7.572,-27.053,40.485382869,-80.332514629,1.832596,3.00,0.75,
1317,stripe,-7.699,-26.578,40.485387164,-80.332516131,1.832596,3.00,0.75,
1318,stripe,-7.826,-26.103,40.485391458,-80.332517634,1.832596,3.00,0.75,
1319,stripe,-7.953,-25.628,40.485395753,-80.332519136,1.832596,3.00,0.75,
1320,stripe,-8.080,-25.154,40.485400048,-80.332520639,1.832596,3.00,0.75,
1321,stripe,-8.208,-24.679,40.485404343,-80.332522141,1.832596,3.00,0.75,
1322,stripe,-8.335,-24.204,40.485408637,-80.332523643,1.832596,3.00,0.75,
1323,stripe,-8.462,-23.729,40.485412932,-80.332525146,1.832596,3.00,0.75,
1324,stripe,-8.589,-23.255,40.485417227,-80.332526648,1.832596,3.00,0.75,
1325,stripe,-8.716,-22.780,40.485421522,-80.332528151,1.832596,3.00,0.75,
1326,stripe,-8.844,-22.305,40.485425816,-80.332529653,1.832596,3.00,0.75,
1327,stripe,-8.971,-21.830,40.485430111,-80.332531156,1.832596,3.00,0.75,
1328,stripe,-9.098,-21.356,40.485434406,-80.332532658,1.832596,3.00,0.75,
1329,stripe,-9.225,-20.881,40.485438701,-80.332534161,1.832596,3.00,0.75,
1330,stripe,-9.353,-20.406,40.485442995,-80.332535663,1.832596,3.00,0.75,
1331,stripe,-9.480,-19.931,40.485447290,-80.332537165,1.832596,3.00,0.75,
1332,stripe,-9.607,-19.457,40.485451585,-80.332538668,1.832596,3.00,0.75,
1333,stripe,-9.734,-18.982,40.485455880,-80.332540170,1.832596,3.00,0.75,
1334,stripe,-9.861,-18.507,40.485460174,-80.332541673,1.832596,3.00,0.75,
1335,stripe,-9.989,-18.032,40.485464469,-80.332543175,1.832596,3.00,0.75,
1336,stripe,-10.116,-17.558,40.485468764,-80.332544678,1.832596,3.00,0.75,
1337,stripe,-10.243,-17.083,40.485473059,-80.332546180,1.832596,3.00,0.75,
1338,stripe,-10.370,-16.608,40.485477353,-80.332547682,1.832596,3.00,0.75,
1339,stripe,-10.497,-16.134,40.485481648,-80.332549185,1.832596,3.00,0.75,
1340,stripe,-10.625,-15.659,40.485485943,-80.332550687,1.832596,3.00,0.75,
1341,stripe,-10.752,-15.184,40.485490238,-80.332552190,1.832596,3.00,0.75,
1342,stripe,-10.879,-14.709,40.485494532,-80.332553692,1.832596,3.00,0.75,
1343,stripe,-11.006,-14.235,40.485498827,-80.332555195,1.832596,3.00,0.75,
1344,stripe,-11.133,-13.760,40.485503122,-80.332556697,1.832596,3.00,0.75,
1345,stripe,-11.261,-13.285,40.485507417,-80.332558200,1.832596,3.00,0.75,
1346,stripe,-11.388,-12.810,40.485511711,-80.332559702,1.832596,3.00,0.75,
1347,stripe,-11.515,-12.336,40.485516006,-80.332561204,1.832596,3.00,0.75,
1348,stripe,-11.642,-11.861,40.485520301,-80.332562707,1.832596,3.00,0.75,
1349,stripe,-11.769,-11.386,40.485524596,-80.332564209,1.832596,3.00,0.75,
1350,stripe,-11.897,-10.911,40.485528890,-80.332565712,1.832596,3.00,0.75,
1351,stripe,-12.024,-10.437,40.485533185,-80.332567214,1.832596,3.00,0.75,
1352,stripe,-12.151,-9.962,40.485537480,-80.332568717,1.832596,3.00,0.75,
1353,stripe,-12.278,-9.487,40.485541775,-80.332570219,1.832596,3.00,0.75,
1354,stripe,-12.405,-9.012,40.485546069,-80.332571722,1.832596,3.00,0.75,
1355,stripe,-12.533,-8.538,40.485550364,-80.332573224,1.701017,3.00,0.75,3.765
1356,connector,-12.597,-8.043,40.485554836,-80.332573989,1.437859,1.50,0.50,1.900
1357,connector,-12.531,-7.549,40.485559306,-80.332573208,1.174701,1.50,0.50,1.900
1358,connector,-12.339,-7.089,40.485563467,-80.332570936,0.988196,1.50,0.50,1.900
1359,connector,-12.224,-6.915,40.485565043,-80.332569581,1.064849,1.50,0.50,4.615
1360,connector,-11.983,-6.479,40.485568988,-80.332566727,1.328007,1.50,0.50,1.900
1361,connector,-11.863,-5.995,40.485573366,-80.332565311,1.591165,1.50,0.50,1.900
1362,connector,-11.873,-5.497,40.485577876,-80.332565431,1.854323,1.50,0.50,1.900
1363,connector,-12.012,-5.018,40.485582206,-80.332567078,2.117480,1.50,0.50,1.900
1364,connector,-12.272,-4.592,40.485586059,-80.332570140,2.380638,1.50,0.50,1.900
1365,connector,-12.633,-4.248,40.485589169,-80.332574404,2.643796,1.50,0.50,1.900
1366,connector,-13.071,-4.010,40.485591323,-80.332579578,2.906954,1.50,0.50,1.900
1367,connector,-13.556,-3.894,40.485592371,-80.332585305,3.170112,1.50,0.50,1.900
1368,connector,-14.054,-3.908,40.485592243,-80.332591191,3.433270,1.50,0.50,1.900
1369,connector,-14.531,-4.052,40.485590946,-80.332596831,3.696428,1.50,0.50,1.900
1370,connector,-14.955,-4.314,40.485588570,-80.332601836,3.959586,1.50,0.50,1.900
1371,connector,-15.296,-4.678,40.485585278,-80.332605862,4.222744,1.50,0.50,1.900
1372,connector,-15.530,-5.118,40.485581298,-80.332608631,4.485902,1.50,0.50,1.900
1373,connector,-15.642,-5.604,40.485576903,-80.332609953,4.749059,1.50,0.50,1.900
1374,connector,-15.624,-6.102,40.485572396,-80.332609738,5.012217,1.50,0.50,1.900
1375,connector,-15.477,-6.579,40.485568087,-80.332607998,5.275375,1.50,0.50,1.900
1376,connector,-15.211,-7.000,40.485564273,-80.332604856,5.538533,1.50,0.50,1.900
1377,connector,-14.844,-7.338,40.485561216,-80.332600526,5.761246,1.50,0.50,1.900
1378,connector,-14.544,-7.511,40.485559656,-80.332596985,5.720801,1.50,0.50,10.440
1379,connector,-14.123,-7.776,40.485557251,-80.332592003,5.457643,1.50,0.50,1.900
1380,connector,-13.785,-8.143,40.485553937,-80.332588010,5.194485,1.50,0.50,1.900
1381,connector,-13.553,-8.584,40.485549941,-80.332585280,5.018548,1.50,0.50,1.900
1382,connector,-13.503,-8.745,40.485548487,-80.332584680,4.974189,1.50,0.50,7.434
1383,stripe,-13.376,-9.219,40.485544197,-80.332583179,4.974189,3.00,0.75,
1384,stripe,-13.248,-9.694,40.485539907,-80.332581678,4.974189,3.00,0.75,
1385,stripe,-13.121,-10.168,40.485535617,-80.332580178,4.974189,3.00,0.75,
1386,stripe,-12.994,-10.642,40.485531327,-80.332578677,4.974189,3.00,0.75,
1387,stripe,-12.867,-11.116,40.485527037,-80.332577176,4.974189,3.00,0.75,
1388,stripe,-12.740,-11.590,40.485522747,-80.332575675,4.974189,3.00,0.75,
1389,stripe,-12.613,-12.065,40.485518457,-80.332574174,4.974189,3.00,0.75,
1390,stripe,-12.486,-12.539,40.485514166,-80.332572674,4.974189,3.00,0.75,
1391,stripe,-12.359,-13.013,40.485509876,-80.332571173,4.974189,3.00,0.75,
1392,stripe,-12.232,-13.487,40.485505586,-80.332569672,4.974189,3.00,0.75,
1393,stripe,-12.105,-13.962,40.485501296,-80.332568171,4.974189,3.00,0.75,
1394,stripe,-11.978,-14.436,40.485497006,-80.332566670,4.974189,3.00,0.75,
1395,stripe,-11.851,-14.910,40.485492716,-80.332565169,4.974189,3.00,0.75,
1396,stripe,-11.724,-15.384,40.485488426,-80.332563669,4.974189,3.00,0.75,
1397,stripe,-11.597,-15.859,40.485484136,-80.332562168,4.974189,3.00,0.75,
1398,stripe,-11.470,-16.333,40.485479846,-80.332560667,4.974189,3.00,0.75,
1399,stripe,-11.342,-16.807,40.485475556,-80.332559166,4.974189,3.00,0.75,
1400,stripe,-11.215,-17.281,40.485471266,-80.332557665,4.974189,3.00,0.75,
1401,stripe,-11.088,-17.755,40.485466976,-80.332556165,4.974189,3.00,0.75,
1402,stripe,-10.961,-18.230,40.485462686,-80.332554664,4.974189,3.00,0.75,
1403,stripe,-10.834,-18.704,40.485458396,-80.332553163,4.974189,3.00,0.75,
1404,stripe,-10.707,-19.178,40.485454105,-80.332551662,4.974189,3.00,0.75,
1405,stripe,-10.580,-19.652,40.485449815,-80.332550161,4.974189,3.00,0.75,
1406,stripe,-10.453,-20.127,40.485445525,-80.332548661,4.974189,3.00,0.75,
1407,stripe,-10.326,-20.601,40.485441235,-80.332547160,4.974189,3.00,0.75,
1408,stripe,-10.199,-21.075,40.485436945,-80.332545659,4.974189,3.00,0.75,
1409,stripe,-10.072,-21.549,40.485432655,-80.332544158,4.974189,3.00,0.75,
1410,stripe,-9.945,-22.023,40.485428365,-80.332542657,4.974189,3.00,0.75,
1411,stripe,-9.818,-22.498,40.485424075,-80.332541157,4.974189,3.00,0.75,
1412,stripe,-9.691,-22.972,40.485419785,-80.332539656,4.974189,3.00,0.75,
1413,stripe,-9.563,-23.446,40.485415495,-80.332538155,4.974189,3.00,0.75,
1414,stripe,-9.436,-23.920,40.485411205,-80.332536654,4.974189,3.00,0.75,
1415,stripe,-9.309,-24.395,40.485406915,-80.332535153,4.974189,3.00,0.75,
1416,stripe,-9.182,-24.869,40.485402625,-80.332533652,4.974189,3.00,0.75,
1417,stripe,-9.055,-25.343,40.485398334,-80.332532152,4.974189,3.00,0.75,
1418,stripe,-8.928,-25.817,40.485394044,-80.332530651,4.974189,3.00,0.75,
1419,stripe,-8.801,-26.291,40.485389754,-80.332529150,4.974189,3.00,0.75,
1420,stripe,-8.674,-26.766,40.485385464,-80.332527649,4.974189,3.00,0.75,
1421,stripe,-8.547,-27.240,40.485381174,-80.332526148,4.974189,3.00,0.75,
1422,stripe,-8.420,-27.714,40.485376884,-80.332524648,4.974189,3.00,0.75,
1423,stripe,-8.293,-28.188,40.485372594,-80.332523147,4.974189,3.00,0.75,
1424,stripe,-8.166,-28.663,40.485368304,-80.332521646,4.974189,3.00,0.75,
